Source;Target;Type;Weight
78;683;Direct;1
78;835;Direct;1
78;724;Direct;1
78;213;Direct;1
78;1023;Direct;1
78;1219;Direct;1
78;1149;Direct;1
78;753;Direct;1
78;221;Direct;1
85;1118;Direct;1
85;793;Direct;1
85;337;Direct;1
85;1163;Direct;1
85;789;Direct;1
86;88;Direct;1
86;793;Direct;1
86;1118;Direct;1
86;847;Direct;1
86;213;Direct;1
86;62;Direct;1
86;911;Direct;1
86;1178;Direct;1
86;275;Direct;1
86;375;Direct;1
86;609;Direct;1
86;1032;Direct;1
86;221;Direct;1
86;1109;Direct;1
86;1298;Direct;1
86;1239;Direct;1
86;61;Direct;1
86;945;Direct;1
86;660;Direct;1
86;158;Direct;1
86;1054;Direct;1
86;1131;Direct;1
86;1274;Direct;1
86;1029;Direct;1
86;1226;Direct;1
86;446;Direct;1
86;803;Direct;1
86;163;Direct;1
86;104;Direct;1
86;1125;Direct;1
86;329;Direct;1
86;1163;Direct;1
86;337;Direct;1
86;854;Direct;1
86;265;Direct;1
86;859;Direct;1
86;1022;Direct;1
86;1294;Direct;1
86;1260;Direct;1
86;1218;Direct;1
86;1232;Direct;1
86;839;Direct;1
86;763;Direct;1
86;1082;Direct;1
86;571;Direct;1
86;648;Direct;1
86;401;Direct;1
86;498;Direct;1
86;724;Direct;1
86;961;Direct;1
86;1160;Direct;1
86;986;Direct;1
86;502;Direct;1
86;476;Direct;1
86;1275;Direct;1
86;44;Direct;1
86;363;Direct;1
86;693;Direct;1
86;1228;Direct;1
86;431;Direct;1
86;582;Direct;1
86;484;Direct;1
86;939;Direct;1
86;1150;Direct;1
86;1090;Direct;1
86;846;Direct;1
87;89;Direct;1
87;793;Direct;1
87;945;Direct;1
87;1118;Direct;1
87;221;Direct;1
87;789;Direct;1
87;337;Direct;1
87;1293;Direct;1
87;609;Direct;1
87;1029;Direct;1
87;1125;Direct;1
99;1118;Direct;1
99;793;Direct;1
99;1023;Direct;1
99;1221;Direct;1
99;1219;Direct;1
99;847;Direct;1
100;337;Direct;1
100;1118;Direct;1
100;847;Direct;1
100;1023;Direct;1
100;265;Direct;1
100;293;Direct;1
101;1189;Direct;1
101;888;Direct;1
101;793;Direct;1
101;660;Direct;1
101;1192;Direct;1
101;1118;Direct;1
101;1219;Direct;1
101;763;Direct;1
101;260;Direct;1
101;835;Direct;1
101;798;Direct;1
101;373;Direct;1
101;97;Direct;1
101;390;Direct;1
101;265;Direct;1
101;953;Direct;1
101;571;Direct;1
101;375;Direct;1
101;1205;Direct;1
101;1123;Direct;1
101;843;Direct;1
101;66;Direct;1
101;1109;Direct;1
101;1284;Direct;1
101;153;Direct;1
101;1054;Direct;1
101;537;Direct;1
101;327;Direct;1
101;532;Direct;1
101;542;Direct;1
101;831;Direct;1
101;637;Direct;1
101;753;Direct;1
101;770;Direct;1
101;945;Direct;1
101;75;Direct;1
101;176;Direct;1
101;64;Direct;1
101;65;Direct;1
101;659;Direct;1
101;575;Direct;1
101;561;Direct;1
101;94;Direct;1
101;71;Direct;1
101;535;Direct;1
101;539;Direct;1
101;541;Direct;1
101;1131;Direct;1
101;533;Direct;1
101;534;Direct;1
101;262;Direct;1
101;263;Direct;1
101;536;Direct;1
101;662;Direct;1
101;1023;Direct;1
101;594;Direct;1
101;803;Direct;1
101;1183;Direct;1
101;593;Direct;1
101;1092;Direct;1
101;363;Direct;1
101;582;Direct;1
101;178;Direct;1
101;1298;Direct;1
101;264;Direct;1
101;221;Direct;1
101;595;Direct;1
101;558;Direct;1
101;1291;Direct;1
101;832;Direct;1
101;704;Direct;1
101;135;Direct;1
101;1163;Direct;1
101;856;Direct;1
101;857;Direct;1
101;665;Direct;1
101;70;Direct;1
101;658;Direct;1
101;412;Direct;1
101;759;Direct;1
101;328;Direct;1
101;1134;Direct;1
101;442;Direct;1
101;95;Direct;1
101;261;Direct;1
101;506;Direct;1
101;507;Direct;1
101;508;Direct;1
101;394;Direct;1
101;730;Direct;1
101;286;Direct;1
101;538;Direct;1
101;540;Direct;1
101;731;Direct;1
101;568;Direct;1
101;772;Direct;1
101;891;Direct;1
101;663;Direct;1
101;1233;Direct;1
101;1133;Direct;1
101;1224;Direct;1
101;1186;Direct;1
101;1187;Direct;1
101;467;Direct;1
101;870;Direct;1
101;386;Direct;1
101;1098;Direct;1
101;1200;Direct;1
101;72;Direct;1
101;364;Direct;1
101;61;Direct;1
101;732;Direct;1
101;1074;Direct;1
101;353;Direct;1
101;729;Direct;1
101;954;Direct;1
101;408;Direct;1
101;733;Direct;1
101;1114;Direct;1
101;1160;Direct;1
101;792;Direct;1
101;553;Direct;1
101;1264;Direct;1
101;1159;Direct;1
101;310;Direct;1
101;1195;Direct;1
101;152;Direct;1
101;1006;Direct;1
101;90;Direct;1
101;939;Direct;1
101;105;Direct;1
101;216;Direct;1
101;93;Direct;1
101;609;Direct;1
101;509;Direct;1
101;818;Direct;1
101;871;Direct;1
101;1004;Direct;1
101;341;Direct;1
101;1236;Direct;1
101;977;Direct;1
101;596;Direct;1
101;745;Direct;1
101;1005;Direct;1
101;789;Direct;1
101;830;Direct;1
101;683;Direct;1
101;1028;Direct;1
101;1258;Direct;1
101;1254;Direct;1
101;446;Direct;1
101;693;Direct;1
101;1093;Direct;1
101;499;Direct;1
127;720;Direct;1
139;793;Direct;1
139;1023;Direct;1
139;582;Direct;1
139;1038;Direct;1
139;476;Direct;1
139;1163;Direct;1
139;207;Direct;1
139;581;Direct;1
139;961;Direct;1
139;945;Direct;1
139;1254;Direct;1
139;191;Direct;1
139;847;Direct;1
139;1118;Direct;1
139;337;Direct;1
139;911;Direct;1
156;793;Direct;1
156;763;Direct;1
156;1163;Direct;1
156;502;Direct;1
156;945;Direct;1
156;939;Direct;1
156;1001;Direct;1
156;683;Direct;1
156;337;Direct;1
156;174;Direct;1
156;346;Direct;1
156;178;Direct;1
156;529;Direct;1
156;221;Direct;1
156;505;Direct;1
156;1118;Direct;1
156;1219;Direct;1
156;1131;Direct;1
156;1032;Direct;1
157;518;Direct;1
157;911;Direct;1
157;945;Direct;1
157;793;Direct;1
157;1038;Direct;1
157;609;Direct;1
157;221;Direct;1
157;1226;Direct;1
157;104;Direct;1
157;431;Direct;1
157;1118;Direct;1
157;1023;Direct;1
157;337;Direct;1
157;1260;Direct;1
157;310;Direct;1
157;316;Direct;1
157;1205;Direct;1
157;1289;Direct;1
157;446;Direct;1
159;1145;Direct;1
159;1163;Direct;1
159;793;Direct;1
159;1219;Direct;1
159;310;Direct;1
159;1289;Direct;1
159;1118;Direct;1
159;703;Direct;1
159;945;Direct;1
159;135;Direct;1
159;502;Direct;1
159;609;Direct;1
159;1054;Direct;1
159;1239;Direct;1
159;753;Direct;1
159;939;Direct;1
159;789;Direct;1
159;1131;Direct;1
159;275;Direct;1
159;660;Direct;1
159;375;Direct;1
159;151;Direct;1
159;1160;Direct;1
159;1226;Direct;1
159;316;Direct;1
159;526;Direct;1
159;683;Direct;1
159;104;Direct;1
159;961;Direct;1
159;600;Direct;1
159;44;Direct;1
159;475;Direct;1
159;1220;Direct;1
159;232;Direct;1
159;124;Direct;1
159;1229;Direct;1
159;1032;Direct;1
159;1109;Direct;1
159;786;Direct;1
159;1100;Direct;1
159;446;Direct;1
159;1205;Direct;1
159;1221;Direct;1
159;484;Direct;1
159;285;Direct;1
159;794;Direct;1
159;221;Direct;1
159;808;Direct;1
159;350;Direct;1
159;553;Direct;1
159;1087;Direct;1
159;513;Direct;1
159;693;Direct;1
159;571;Direct;1
159;1254;Direct;1
159;1183;Direct;1
159;524;Direct;1
159;213;Direct;1
159;624;Direct;1
159;363;Direct;1
159;1149;Direct;1
159;346;Direct;1
159;284;Direct;1
159;283;Direct;1
159;347;Direct;1
159;1240;Direct;1
159;311;Direct;1
159;836;Direct;1
159;447;Direct;1
159;1138;Direct;1
159;1199;Direct;1
159;1009;Direct;1
159;777;Direct;1
159;1090;Direct;1
159;878;Direct;1
159;1026;Direct;1
159;1023;Direct;1
159;337;Direct;1
159;847;Direct;1
159;254;Direct;1
159;599;Direct;1
159;757;Direct;1
159;867;Direct;1
159;1293;Direct;1
159;1130;Direct;1
159;651;Direct;1
159;949;Direct;1
159;444;Direct;1
159;1047;Direct;1
159;140;Direct;1
159;1194;Direct;1
159;414;Direct;1
159;125;Direct;1
159;577;Direct;1
159;835;Direct;1
159;192;Direct;1
159;390;Direct;1
159;20;Direct;1
159;354;Direct;1
159;380;Direct;1
159;1038;Direct;1
164;793;Direct;1
164;178;Direct;1
164;1118;Direct;1
164;945;Direct;1
164;337;Direct;1
164;939;Direct;1
164;1032;Direct;1
164;1219;Direct;1
164;1131;Direct;1
164;174;Direct;1
164;582;Direct;1
164;789;Direct;1
175;582;Direct;1
175;1160;Direct;1
175;337;Direct;1
175;1219;Direct;1
175;174;Direct;1
175;793;Direct;1
175;847;Direct;1
175;1118;Direct;1
175;1254;Direct;1
180;961;Direct;1
180;911;Direct;1
180;703;Direct;1
180;310;Direct;1
180;1163;Direct;1
180;1118;Direct;1
180;793;Direct;1
180;183;Direct;1
180;363;Direct;1
180;660;Direct;1
180;104;Direct;1
180;854;Direct;1
180;719;Direct;1
180;582;Direct;1
180;29;Direct;1
180;1226;Direct;1
180;1229;Direct;1
180;176;Direct;1
180;835;Direct;1
180;724;Direct;1
180;1282;Direct;1
180;1100;Direct;1
180;939;Direct;1
180;502;Direct;1
180;1149;Direct;1
180;1205;Direct;1
180;446;Direct;1
180;1160;Direct;1
180;1054;Direct;1
180;196;Direct;1
180;135;Direct;1
180;609;Direct;1
180;1300;Direct;1
180;1023;Direct;1
180;945;Direct;1
181;1163;Direct;1
181;1160;Direct;1
181;793;Direct;1
181;1118;Direct;1
181;213;Direct;1
181;1023;Direct;1
181;337;Direct;1
181;1219;Direct;1
181;439;Direct;1
181;182;Direct;1
194;1118;Direct;1
194;793;Direct;1
194;945;Direct;1
194;660;Direct;1
194;104;Direct;1
194;1096;Direct;1
194;1149;Direct;1
194;329;Direct;1
194;582;Direct;1
194;1023;Direct;1
194;213;Direct;1
194;221;Direct;1
194;1100;Direct;1
197;793;Direct;1
197;945;Direct;1
197;1032;Direct;1
197;265;Direct;1
197;1023;Direct;1
197;609;Direct;1
197;835;Direct;1
197;763;Direct;1
197;221;Direct;1
197;446;Direct;1
197;1160;Direct;1
197;1118;Direct;1
197;1131;Direct;1
204;203;Direct;1
204;843;Direct;1
204;1023;Direct;1
204;205;Direct;1
204;911;Direct;1
204;793;Direct;1
204;213;Direct;1
204;1276;Direct;1
204;1118;Direct;1
204;1183;Direct;1
206;203;Direct;1
206;911;Direct;1
206;609;Direct;1
206;793;Direct;1
206;213;Direct;1
206;1023;Direct;1
206;1118;Direct;1
206;600;Direct;1
206;945;Direct;1
208;835;Direct;1
208;1118;Direct;1
208;1219;Direct;1
208;793;Direct;1
208;582;Direct;1
208;1109;Direct;1
208;553;Direct;1
208;446;Direct;1
208;600;Direct;1
208;1131;Direct;1
208;1032;Direct;1
208;1111;Direct;1
208;911;Direct;1
208;939;Direct;1
208;847;Direct;1
208;1149;Direct;1
208;135;Direct;1
208;1023;Direct;1
208;337;Direct;1
208;332;Direct;1
208;782;Direct;1
208;786;Direct;1
209;793;Direct;1
209;1118;Direct;1
209;660;Direct;1
209;104;Direct;1
209;582;Direct;1
209;1219;Direct;1
209;1023;Direct;1
209;1246;Direct;1
209;265;Direct;1
209;221;Direct;1
209;553;Direct;1
209;609;Direct;1
209;1100;Direct;1
209;592;Direct;1
209;1163;Direct;1
209;375;Direct;1
209;945;Direct;1
209;1109;Direct;1
219;1118;Direct;1
219;1219;Direct;1
219;310;Direct;1
219;1023;Direct;1
219;589;Direct;1
219;176;Direct;1
219;793;Direct;1
219;843;Direct;1
219;218;Direct;1
219;316;Direct;1
219;446;Direct;1
219;1163;Direct;1
219;600;Direct;1
219;854;Direct;1
219;945;Direct;1
219;1193;Direct;1
219;1254;Direct;1
219;1205;Direct;1
225;1118;Direct;1
225;418;Direct;1
225;793;Direct;1
225;1221;Direct;1
225;293;Direct;1
225;265;Direct;1
225;703;Direct;1
225;945;Direct;1
225;1219;Direct;1
225;939;Direct;1
225;1023;Direct;1
225;337;Direct;1
225;122;Direct;1
225;582;Direct;1
226;685;Direct;1
226;221;Direct;1
226;227;Direct;1
226;1023;Direct;1
226;778;Direct;1
242;793;Direct;1
242;245;Direct;1
242;1118;Direct;1
242;609;Direct;1
242;484;Direct;1
242;911;Direct;1
242;1109;Direct;1
242;660;Direct;1
242;945;Direct;1
242;221;Direct;1
242;1023;Direct;1
242;337;Direct;1
242;1293;Direct;1
242;651;Direct;1
242;246;Direct;1
242;104;Direct;1
242;446;Direct;1
242;582;Direct;1
242;265;Direct;1
242;1032;Direct;1
242;431;Direct;1
242;600;Direct;1
242;275;Direct;1
242;57;Direct;1
242;750;Direct;1
242;1219;Direct;1
242;843;Direct;1
242;1125;Direct;1
242;292;Direct;1
242;1163;Direct;1
242;213;Direct;1
242;300;Direct;1
242;203;Direct;1
242;433;Direct;1
242;841;Direct;1
242;842;Direct;1
242;7;Direct;1
242;557;Direct;1
242;844;Direct;1
242;749;Direct;1
242;779;Direct;1
242;1119;Direct;1
242;1100;Direct;1
242;1246;Direct;1
242;619;Direct;1
242;174;Direct;1
242;351;Direct;1
242;135;Direct;1
242;1029;Direct;1
242;786;Direct;1
242;410;Direct;1
242;606;Direct;1
242;712;Direct;1
242;703;Direct;1
242;1090;Direct;1
242;1298;Direct;1
242;724;Direct;1
242;1038;Direct;1
242;1149;Direct;1
242;948;Direct;1
242;683;Direct;1
242;854;Direct;1
242;62;Direct;1
242;472;Direct;1
242;1131;Direct;1
242;502;Direct;1
242;1239;Direct;1
242;241;Direct;1
242;592;Direct;1
242;375;Direct;1
242;1021;Direct;1
242;54;Direct;1
243;248;Direct;1
243;793;Direct;1
243;945;Direct;1
243;1118;Direct;1
243;607;Direct;1
243;1023;Direct;1
243;789;Direct;1
243;844;Direct;1
243;221;Direct;1
243;1293;Direct;1
243;1125;Direct;1
243;1029;Direct;1
243;463;Direct;1
22;1118;Direct;1
22;660;Direct;1
22;793;Direct;1
22;104;Direct;1
22;1205;Direct;1
22;1023;Direct;1
22;1021;Direct;1
22;251;Direct;1
22;446;Direct;1
22;571;Direct;1
22;1131;Direct;1
22;1221;Direct;1
22;484;Direct;1
22;945;Direct;1
22;582;Direct;1
256;793;Direct;1
256;1118;Direct;1
256;213;Direct;1
256;1246;Direct;1
256;1023;Direct;1
256;592;Direct;1
256;1163;Direct;1
256;375;Direct;1
256;945;Direct;1
256;1109;Direct;1
256;1029;Direct;1
256;446;Direct;1
256;600;Direct;1
256;786;Direct;1
256;1201;Direct;1
258;793;Direct;1
258;1118;Direct;1
258;945;Direct;1
258;1032;Direct;1
258;1131;Direct;1
258;630;Direct;1
258;337;Direct;1
258;259;Direct;1
258;1125;Direct;1
258;1183;Direct;1
258;502;Direct;1
258;221;Direct;1
258;939;Direct;1
258;293;Direct;1
258;1272;Direct;1
258;93;Direct;1
258;609;Direct;1
258;1090;Direct;1
258;1293;Direct;1
258;1219;Direct;1
274;1118;Direct;1
274;945;Direct;1
274;660;Direct;1
274;1226;Direct;1
274;1023;Direct;1
274;911;Direct;1
274;310;Direct;1
274;1218;Direct;1
274;1031;Direct;1
274;1215;Direct;1
21;763;Direct;1
21;298;Direct;1
21;1163;Direct;1
21;685;Direct;1
21;275;Direct;1
21;683;Direct;1
21;793;Direct;1
21;717;Direct;1
21;1001;Direct;1
21;484;Direct;1
21;1109;Direct;1
21;505;Direct;1
21;1023;Direct;1
21;530;Direct;1
21;1219;Direct;1
21;80;Direct;1
21;221;Direct;1
21;1118;Direct;1
21;553;Direct;1
299;793;Direct;1
299;1118;Direct;1
299;1109;Direct;1
299;337;Direct;1
299;859;Direct;1
299;609;Direct;1
299;502;Direct;1
299;24;Direct;1
299;1032;Direct;1
299;265;Direct;1
302;786;Direct;1
302;446;Direct;1
302;1177;Direct;1
302;325;Direct;1
302;571;Direct;1
302;600;Direct;1
302;1118;Direct;1
302;1169;Direct;1
302;1205;Direct;1
302;221;Direct;1
302;835;Direct;1
302;753;Direct;1
302;556;Direct;1
302;329;Direct;1
302;793;Direct;1
302;1023;Direct;1
302;24;Direct;1
302;346;Direct;1
302;939;Direct;1
302;847;Direct;1
306;763;Direct;1
306;158;Direct;1
306;803;Direct;1
306;911;Direct;1
306;308;Direct;1
306;303;Direct;1
306;1286;Direct;1
306;793;Direct;1
306;1177;Direct;1
306;221;Direct;1
306;760;Direct;1
306;582;Direct;1
306;1118;Direct;1
306;1239;Direct;1
306;307;Direct;1
306;352;Direct;1
306;1023;Direct;1
306;600;Direct;1
306;943;Direct;1
306;683;Direct;1
306;571;Direct;1
306;104;Direct;1
306;1293;Direct;1
306;776;Direct;1
306;609;Direct;1
306;93;Direct;1
306;1163;Direct;1
306;1254;Direct;1
313;1100;Direct;1
313;835;Direct;1
313;1118;Direct;1
313;793;Direct;1
313;939;Direct;1
313;484;Direct;1
313;1023;Direct;1
313;1166;Direct;1
313;1298;Direct;1
313;1131;Direct;1
313;911;Direct;1
915;1038;Direct;1
915;151;Direct;1
915;793;Direct;1
915;1166;Direct;1
915;683;Direct;1
915;502;Direct;1
915;1163;Direct;1
915;1109;Direct;1
915;54;Direct;1
915;356;Direct;1
915;1023;Direct;1
915;1246;Direct;1
915;513;Direct;1
915;939;Direct;1
915;1219;Direct;1
915;1032;Direct;1
915;135;Direct;1
915;592;Direct;1
915;375;Direct;1
915;945;Direct;1
915;1118;Direct;1
915;1021;Direct;1
371;793;Direct;1
371;1118;Direct;1
371;1254;Direct;1
371;266;Direct;1
371;484;Direct;1
371;557;Direct;1
371;582;Direct;1
371;600;Direct;1
371;945;Direct;1
371;1298;Direct;1
371;911;Direct;1
371;1029;Direct;1
402;600;Direct;1
402;939;Direct;1
402;1118;Direct;1
402;1219;Direct;1
402;859;Direct;1
402;446;Direct;1
402;1166;Direct;1
402;665;Direct;1
402;793;Direct;1
402;337;Direct;1
402;914;Direct;1
402;61;Direct;1
402;221;Direct;1
402;835;Direct;1
402;1160;Direct;1
402;911;Direct;1
402;1254;Direct;1
405;945;Direct;1
405;310;Direct;1
405;62;Direct;1
405;1226;Direct;1
405;1163;Direct;1
405;1289;Direct;1
405;1118;Direct;1
405;213;Direct;1
405;275;Direct;1
405;974;Direct;1
405;363;Direct;1
405;582;Direct;1
405;499;Direct;1
405;1105;Direct;1
405;1300;Direct;1
405;1025;Direct;1
405;1023;Direct;1
405;1229;Direct;1
405;484;Direct;1
405;786;Direct;1
405;517;Direct;1
405;520;Direct;1
405;192;Direct;1
405;221;Direct;1
405;378;Direct;1
26;417;Direct;1
26;660;Direct;1
26;1118;Direct;1
26;793;Direct;1
26;203;Direct;1
26;609;Direct;1
26;911;Direct;1
26;1219;Direct;1
26;1131;Direct;1
26;1032;Direct;1
26;206;Direct;1
26;1038;Direct;1
26;221;Direct;1
26;1109;Direct;1
26;1254;Direct;1
26;945;Direct;1
26;446;Direct;1
26;104;Direct;1
26;1166;Direct;1
26;795;Direct;1
26;220;Direct;1
26;310;Direct;1
26;843;Direct;1
26;210;Direct;1
26;685;Direct;1
26;324;Direct;1
26;600;Direct;1
26;337;Direct;1
26;792;Direct;1
26;9;Direct;1
26;1027;Direct;1
26;151;Direct;1
26;907;Direct;1
26;683;Direct;1
26;725;Direct;1
26;1120;Direct;1
26;1125;Direct;1
26;1298;Direct;1
26;1023;Direct;1
26;854;Direct;1
422;427;Direct;1
422;421;Direct;1
422;660;Direct;1
422;945;Direct;1
422;310;Direct;1
422;1118;Direct;1
422;1221;Direct;1
422;1219;Direct;1
422;793;Direct;1
422;287;Direct;1
422;1021;Direct;1
422;446;Direct;1
422;221;Direct;1
422;1038;Direct;1
422;1263;Direct;1
422;1015;Direct;1
422;960;Direct;1
423;1118;Direct;1
423;1263;Direct;1
423;310;Direct;1
423;793;Direct;1
423;892;Direct;1
423;1229;Direct;1
423;1023;Direct;1
423;513;Direct;1
423;502;Direct;1
423;446;Direct;1
423;1254;Direct;1
423;421;Direct;1
423;1148;Direct;1
423;1221;Direct;1
423;1219;Direct;1
423;135;Direct;1
423;221;Direct;1
423;265;Direct;1
424;428;Direct;1
424;1283;Direct;1
424;421;Direct;1
424;911;Direct;1
424;1263;Direct;1
424;1254;Direct;1
424;793;Direct;1
424;425;Direct;1
424;1118;Direct;1
424;1226;Direct;1
424;1;Direct;1
424;129;Direct;1
424;426;Direct;1
424;1227;Direct;1
424;609;Direct;1
424;582;Direct;1
424;606;Direct;1
424;221;Direct;1
424;429;Direct;1
424;1219;Direct;1
424;1131;Direct;1
424;678;Direct;1
424;502;Direct;1
424;660;Direct;1
424;446;Direct;1
424;601;Direct;1
424;1023;Direct;1
424;310;Direct;1
424;843;Direct;1
131;793;Direct;1
131;1118;Direct;1
131;844;Direct;1
131;1109;Direct;1
131;911;Direct;1
131;130;Direct;1
131;1105;Direct;1
131;221;Direct;1
131;1270;Direct;1
131;1023;Direct;1
490;1118;Direct;1
490;1219;Direct;1
490;337;Direct;1
490;452;Direct;1
490;1258;Direct;1
490;1163;Direct;1
490;1160;Direct;1
490;793;Direct;1
490;838;Direct;1
490;1145;Direct;1
490;789;Direct;1
490;1023;Direct;1
490;484;Direct;1
490;726;Direct;1
490;61;Direct;1
516;793;Direct;1
516;1118;Direct;1
516;763;Direct;1
516;1038;Direct;1
516;803;Direct;1
516;945;Direct;1
516;600;Direct;1
516;176;Direct;1
516;1032;Direct;1
516;24;Direct;1
516;301;Direct;1
516;1023;Direct;1
516;476;Direct;1
516;495;Direct;1
516;828;Direct;1
516;213;Direct;1
516;275;Direct;1
516;475;Direct;1
516;683;Direct;1
516;1085;Direct;1
519;518;Direct;1
519;1038;Direct;1
519;945;Direct;1
519;1118;Direct;1
519;911;Direct;1
519;213;Direct;1
519;1289;Direct;1
519;221;Direct;1
519;793;Direct;1
519;609;Direct;1
519;462;Direct;1
519;1226;Direct;1
519;1254;Direct;1
519;792;Direct;1
519;600;Direct;1
519;669;Direct;1
519;1205;Direct;1
519;582;Direct;1
519;847;Direct;1
519;313;Direct;1
519;703;Direct;1
519;843;Direct;1
519;155;Direct;1
519;484;Direct;1
519;116;Direct;1
519;1023;Direct;1
519;864;Direct;1
519;1183;Direct;1
519;789;Direct;1
519;1073;Direct;1
519;688;Direct;1
519;62;Direct;1
519;329;Direct;1
519;1258;Direct;1
519;1261;Direct;1
519;1100;Direct;1
543;1118;Direct;1
543;1219;Direct;1
543;793;Direct;1
543;945;Direct;1
543;155;Direct;1
543;49;Direct;1
543;580;Direct;1
543;1226;Direct;1
543;1227;Direct;1
543;1289;Direct;1
543;499;Direct;1
543;213;Direct;1
543;582;Direct;1
543;1023;Direct;1
543;1218;Direct;1
551;793;Direct;1
551;550;Direct;1
551;1166;Direct;1
551;1219;Direct;1
551;1023;Direct;1
551;1021;Direct;1
551;1105;Direct;1
559;1118;Direct;1
559;555;Direct;1
559;1162;Direct;1
559;1038;Direct;1
559;62;Direct;1
559;911;Direct;1
559;793;Direct;1
559;1081;Direct;1
559;854;Direct;1
559;1229;Direct;1
559;945;Direct;1
559;660;Direct;1
559;1109;Direct;1
559;310;Direct;1
559;1163;Direct;1
559;1221;Direct;1
559;1219;Direct;1
559;476;Direct;1
559;961;Direct;1
559;316;Direct;1
559;609;Direct;1
559;1035;Direct;1
559;396;Direct;1
559;1023;Direct;1
559;1246;Direct;1
559;1254;Direct;1
559;1100;Direct;1
559;939;Direct;1
559;254;Direct;1
559;1230;Direct;1
559;1032;Direct;1
559;1131;Direct;1
559;1298;Direct;1
559;789;Direct;1
559;877;Direct;1
559;265;Direct;1
559;1149;Direct;1
559;104;Direct;1
559;640;Direct;1
559;503;Direct;1
559;592;Direct;1
559;1054;Direct;1
559;786;Direct;1
559;156;Direct;1
559;375;Direct;1
559;1021;Direct;1
559;54;Direct;1
564;1201;Direct;1
564;793;Direct;1
564;1023;Direct;1
564;1118;Direct;1
564;310;Direct;1
564;203;Direct;1
564;25;Direct;1
564;337;Direct;1
564;786;Direct;1
566;1023;Direct;1
566;1118;Direct;1
566;945;Direct;1
566;1218;Direct;1
566;911;Direct;1
588;1188;Direct;1
588;28;Direct;1
588;1118;Direct;1
588;793;Direct;1
588;753;Direct;1
588;586;Direct;1
588;310;Direct;1
588;1219;Direct;1
588;221;Direct;1
588;135;Direct;1
588;956;Direct;1
588;1109;Direct;1
588;331;Direct;1
588;105;Direct;1
588;587;Direct;1
588;703;Direct;1
588;571;Direct;1
588;945;Direct;1
588;265;Direct;1
588;600;Direct;1
590;793;Direct;1
590;1118;Direct;1
590;1023;Direct;1
590;62;Direct;1
590;945;Direct;1
590;322;Direct;1
590;613;Direct;1
590;1109;Direct;1
590;213;Direct;1
590;1032;Direct;1
590;1131;Direct;1
590;897;Direct;1
590;275;Direct;1
590;582;Direct;1
590;600;Direct;1
590;431;Direct;1
590;221;Direct;1
590;61;Direct;1
590;446;Direct;1
590;761;Direct;1
590;104;Direct;1
590;484;Direct;1
590;791;Direct;1
590;135;Direct;1
590;553;Direct;1
590;1300;Direct;1
590;1205;Direct;1
603;683;Direct;1
603;1023;Direct;1
603;911;Direct;1
603;602;Direct;1
603;939;Direct;1
615;135;Direct;1
615;1118;Direct;1
615;660;Direct;1
615;616;Direct;1
615;1105;Direct;1
615;1023;Direct;1
615;1268;Direct;1
615;1089;Direct;1
615;1088;Direct;1
618;1118;Direct;1
618;660;Direct;1
618;1219;Direct;1
618;793;Direct;1
618;476;Direct;1
618;847;Direct;1
618;1100;Direct;1
618;843;Direct;1
618;265;Direct;1
618;446;Direct;1
618;61;Direct;1
618;293;Direct;1
618;852;Direct;1
618;252;Direct;1
618;939;Direct;1
618;777;Direct;1
618;557;Direct;1
618;1227;Direct;1
618;786;Direct;1
618;859;Direct;1
618;789;Direct;1
618;1007;Direct;1
618;945;Direct;1
618;582;Direct;1
618;1023;Direct;1
618;911;Direct;1
618;221;Direct;1
618;1105;Direct;1
916;793;Direct;1
916;1118;Direct;1
916;786;Direct;1
916;310;Direct;1
916;276;Direct;1
916;277;Direct;1
916;582;Direct;1
916;945;Direct;1
916;484;Direct;1
916;1071;Direct;1
916;1109;Direct;1
916;1226;Direct;1
916;104;Direct;1
916;1298;Direct;1
916;961;Direct;1
916;452;Direct;1
916;553;Direct;1
916;835;Direct;1
916;847;Direct;1
916;1258;Direct;1
916;316;Direct;1
625;1219;Direct;1
625;1139;Direct;1
625;881;Direct;1
625;793;Direct;1
625;310;Direct;1
625;1163;Direct;1
625;609;Direct;1
625;1054;Direct;1
625;151;Direct;1
625;1118;Direct;1
625;1160;Direct;1
625;939;Direct;1
625;945;Direct;1
625;1218;Direct;1
625;847;Direct;1
625;502;Direct;1
625;135;Direct;1
625;221;Direct;1
625;12;Direct;1
625;933;Direct;1
625;582;Direct;1
625;1239;Direct;1
625;513;Direct;1
625;275;Direct;1
625;1226;Direct;1
625;1105;Direct;1
625;1100;Direct;1
625;1205;Direct;1
625;449;Direct;1
625;1241;Direct;1
625;293;Direct;1
625;167;Direct;1
625;1173;Direct;1
625;1102;Direct;1
625;493;Direct;1
625;660;Direct;1
625;854;Direct;1
625;955;Direct;1
625;130;Direct;1
625;1023;Direct;1
625;183;Direct;1
625;446;Direct;1
625;436;Direct;1
625;914;Direct;1
625;993;Direct;1
625;379;Direct;1
625;1143;Direct;1
625;1087;Direct;1
630;793;Direct;1
630;660;Direct;1
630;1118;Direct;1
630;609;Direct;1
630;1219;Direct;1
630;600;Direct;1
630;582;Direct;1
630;1226;Direct;1
630;502;Direct;1
630;221;Direct;1
630;446;Direct;1
630;945;Direct;1
630;683;Direct;1
630;1205;Direct;1
630;252;Direct;1
630;241;Direct;1
630;174;Direct;1
630;1032;Direct;1
630;1131;Direct;1
630;847;Direct;1
630;693;Direct;1
630;363;Direct;1
630;192;Direct;1
630;1034;Direct;1
630;1163;Direct;1
630;403;Direct;1
630;105;Direct;1
630;337;Direct;1
630;265;Direct;1
630;310;Direct;1
630;61;Direct;1
630;1145;Direct;1
630;786;Direct;1
630;911;Direct;1
630;882;Direct;1
634;337;Direct;1
634;793;Direct;1
634;1219;Direct;1
634;1023;Direct;1
634;176;Direct;1
634;835;Direct;1
634;178;Direct;1
634;446;Direct;1
634;789;Direct;1
634;1118;Direct;1
634;777;Direct;1
634;617;Direct;1
656;793;Direct;1
656;1118;Direct;1
656;655;Direct;1
656;1163;Direct;1
656;265;Direct;1
656;1131;Direct;1
656;1032;Direct;1
656;1023;Direct;1
656;375;Direct;1
656;1160;Direct;1
656;1258;Direct;1
656;403;Direct;1
656;721;Direct;1
656;446;Direct;1
656;582;Direct;1
656;1034;Direct;1
656;753;Direct;1
656;1077;Direct;1
668;510;Direct;1
668;793;Direct;1
668;660;Direct;1
668;310;Direct;1
668;1131;Direct;1
668;703;Direct;1
668;1163;Direct;1
668;1118;Direct;1
668;1254;Direct;1
668;1219;Direct;1
668;939;Direct;1
668;1109;Direct;1
668;609;Direct;1
668;221;Direct;1
668;61;Direct;1
668;1032;Direct;1
668;835;Direct;1
668;945;Direct;1
668;600;Direct;1
668;1160;Direct;1
668;1034;Direct;1
668;265;Direct;1
668;446;Direct;1
668;582;Direct;1
668;753;Direct;1
668;724;Direct;1
668;176;Direct;1
668;1054;Direct;1
668;768;Direct;1
668;486;Direct;1
668;786;Direct;1
668;104;Direct;1
668;1125;Direct;1
668;872;Direct;1
668;476;Direct;1
668;502;Direct;1
668;1229;Direct;1
668;1038;Direct;1
668;728;Direct;1
668;895;Direct;1
668;1008;Direct;1
668;1048;Direct;1
668;159;Direct;1
668;484;Direct;1
668;853;Direct;1
668;525;Direct;1
668;950;Direct;1
668;441;Direct;1
668;859;Direct;1
668;160;Direct;1
668;1149;Direct;1
668;252;Direct;1
668;531;Direct;1
668;1127;Direct;1
668;1081;Direct;1
668;362;Direct;1
668;372;Direct;1
668;694;Direct;1
668;1049;Direct;1
668;715;Direct;1
668;1183;Direct;1
668;1262;Direct;1
668;267;Direct;1
668;124;Direct;1
668;997;Direct;1
668;1016;Direct;1
668;62;Direct;1
668;43;Direct;1
668;316;Direct;1
668;1065;Direct;1
668;178;Direct;1
668;452;Direct;1
668;27;Direct;1
668;557;Direct;1
668;122;Direct;1
668;650;Direct;1
668;305;Direct;1
668;363;Direct;1
668;1029;Direct;1
668;1100;Direct;1
668;1170;Direct;1
668;174;Direct;1
668;499;Direct;1
668;375;Direct;1
668;1239;Direct;1
668;693;Direct;1
668;145;Direct;1
668;1080;Direct;1
668;839;Direct;1
668;1069;Direct;1
668;350;Direct;1
668;468;Direct;1
668;843;Direct;1
668;346;Direct;1
668;505;Direct;1
668;651;Direct;1
668;1205;Direct;1
668;1023;Direct;1
668;1289;Direct;1
668;292;Direct;1
668;901;Direct;1
668;571;Direct;1
668;431;Direct;1
917;670;Direct;1
917;793;Direct;1
917;1166;Direct;1
917;1118;Direct;1
917;1219;Direct;1
917;1239;Direct;1
917;1050;Direct;1
917;671;Direct;1
917;1023;Direct;1
690;1289;Direct;1
690;1118;Direct;1
690;945;Direct;1
690;517;Direct;1
690;520;Direct;1
690;1023;Direct;1
690;1219;Direct;1
690;363;Direct;1
691;793;Direct;1
691;1118;Direct;1
691;293;Direct;1
691;1032;Direct;1
691;660;Direct;1
691;1109;Direct;1
691;945;Direct;1
691;1163;Direct;1
691;609;Direct;1
691;789;Direct;1
691;911;Direct;1
691;337;Direct;1
691;1246;Direct;1
691;849;Direct;1
691;1238;Direct;1
691;1289;Direct;1
691;926;Direct;1
691;1239;Direct;1
691;592;Direct;1
691;375;Direct;1
698;945;Direct;1
698;793;Direct;1
698;892;Direct;1
698;1163;Direct;1
698;446;Direct;1
698;724;Direct;1
698;1023;Direct;1
698;275;Direct;1
698;1118;Direct;1
698;571;Direct;1
701;1118;Direct;1
701;793;Direct;1
701;337;Direct;1
701;700;Direct;1
701;945;Direct;1
701;346;Direct;1
701;178;Direct;1
701;582;Direct;1
701;1219;Direct;1
713;714;Direct;1
713;600;Direct;1
713;939;Direct;1
713;1038;Direct;1
713;446;Direct;1
713;724;Direct;1
713;1023;Direct;1
713;323;Direct;1
713;786;Direct;1
713;221;Direct;1
713;505;Direct;1
713;316;Direct;1
713;438;Direct;1
713;582;Direct;1
713;1219;Direct;1
713;753;Direct;1
713;1118;Direct;1
713;1072;Direct;1
722;1254;Direct;1
722;571;Direct;1
722;793;Direct;1
722;1023;Direct;1
722;265;Direct;1
722;446;Direct;1
722;1118;Direct;1
734;911;Direct;1
734;683;Direct;1
734;786;Direct;1
734;651;Direct;1
734;1118;Direct;1
734;1218;Direct;1
734;531;Direct;1
734;446;Direct;1
734;945;Direct;1
734;819;Direct;1
734;793;Direct;1
734;600;Direct;1
734;1219;Direct;1
734;177;Direct;1
734;1254;Direct;1
734;1023;Direct;1
734;1100;Direct;1
734;234;Direct;1
734;1215;Direct;1
734;221;Direct;1
735;793;Direct;1
735;154;Direct;1
735;609;Direct;1
735;756;Direct;1
735;1219;Direct;1
735;703;Direct;1
735;660;Direct;1
735;1178;Direct;1
735;1109;Direct;1
735;847;Direct;1
735;945;Direct;1
735;582;Direct;1
735;1163;Direct;1
735;1293;Direct;1
735;484;Direct;1
735;1032;Direct;1
736;793;Direct;1
736;756;Direct;1
736;1109;Direct;1
736;1219;Direct;1
736;945;Direct;1
736;843;Direct;1
736;1023;Direct;1
736;484;Direct;1
736;703;Direct;1
736;847;Direct;1
736;609;Direct;1
736;1131;Direct;1
736;1188;Direct;1
736;961;Direct;1
737;793;Direct;1
737;1219;Direct;1
737;1109;Direct;1
737;756;Direct;1
737;609;Direct;1
737;1188;Direct;1
737;1023;Direct;1
737;1142;Direct;1
737;104;Direct;1
737;660;Direct;1
737;945;Direct;1
737;1118;Direct;1
737;1163;Direct;1
737;392;Direct;1
737;612;Direct;1
737;484;Direct;1
737;703;Direct;1
737;847;Direct;1
741;1118;Direct;1
741;793;Direct;1
741;1109;Direct;1
741;738;Direct;1
741;847;Direct;1
741;213;Direct;1
741;1032;Direct;1
741;739;Direct;1
741;484;Direct;1
741;756;Direct;1
741;1054;Direct;1
741;1131;Direct;1
741;609;Direct;1
741;221;Direct;1
741;724;Direct;1
741;557;Direct;1
741;104;Direct;1
741;1163;Direct;1
741;480;Direct;1
741;1219;Direct;1
741;703;Direct;1
741;1023;Direct;1
743;763;Direct;1
743;171;Direct;1
743;793;Direct;1
743;600;Direct;1
743;660;Direct;1
743;911;Direct;1
743;884;Direct;1
743;449;Direct;1
743;1118;Direct;1
743;1238;Direct;1
743;221;Direct;1
743;500;Direct;1
743;945;Direct;1
743;683;Direct;1
743;487;Direct;1
743;484;Direct;1
743;1109;Direct;1
743;158;Direct;1
743;1105;Direct;1
743;455;Direct;1
743;275;Direct;1
743;609;Direct;1
743;446;Direct;1
743;1001;Direct;1
743;104;Direct;1
743;122;Direct;1
743;1298;Direct;1
743;251;Direct;1
743;1125;Direct;1
743;786;Direct;1
743;1297;Direct;1
743;1032;Direct;1
743;1131;Direct;1
743;1293;Direct;1
743;859;Direct;1
743;1182;Direct;1
743;1236;Direct;1
743;499;Direct;1
743;1166;Direct;1
743;293;Direct;1
743;458;Direct;1
743;1019;Direct;1
743;979;Direct;1
743;77;Direct;1
743;10;Direct;1
743;570;Direct;1
743;1099;Direct;1
743;1254;Direct;1
743;168;Direct;1
743;1158;Direct;1
743;557;Direct;1
743;844;Direct;1
743;99;Direct;1
743;773;Direct;1
743;815;Direct;1
743;1289;Direct;1
743;149;Direct;1
743;868;Direct;1
743;1023;Direct;1
743;606;Direct;1
743;1135;Direct;1
743;271;Direct;1
743;825;Direct;1
743;230;Direct;1
743;571;Direct;1
743;854;Direct;1
743;1183;Direct;1
743;983;Direct;1
743;527;Direct;1
743;1163;Direct;1
743;1264;Direct;1
743;61;Direct;1
762;763;Direct;1
762;1118;Direct;1
762;793;Direct;1
762;1166;Direct;1
762;1163;Direct;1
762;1109;Direct;1
762;847;Direct;1
762;1254;Direct;1
762;1160;Direct;1
762;281;Direct;1
762;102;Direct;1
762;1001;Direct;1
762;310;Direct;1
762;1032;Direct;1
762;337;Direct;1
762;265;Direct;1
762;786;Direct;1
762;843;Direct;1
762;571;Direct;1
763;1118;Direct;1
763;793;Direct;1
763;1254;Direct;1
763;337;Direct;1
763;945;Direct;1
763;786;Direct;1
763;600;Direct;1
763;1109;Direct;1
763;446;Direct;1
763;1131;Direct;1
763;1032;Direct;1
763;275;Direct;1
763;1219;Direct;1
763;683;Direct;1
763;1149;Direct;1
763;847;Direct;1
763;221;Direct;1
763;1236;Direct;1
763;835;Direct;1
763;582;Direct;1
763;1023;Direct;1
763;1205;Direct;1
763;484;Direct;1
763;456;Direct;1
763;761;Direct;1
763;212;Direct;1
763;789;Direct;1
763;452;Direct;1
763;1163;Direct;1
763;310;Direct;1
763;765;Direct;1
763;122;Direct;1
763;116;Direct;1
763;409;Direct;1
763;502;Direct;1
763;939;Direct;1
763;571;Direct;1
763;753;Direct;1
763;1105;Direct;1
763;651;Direct;1
763;854;Direct;1
763;1029;Direct;1
763;1166;Direct;1
763;1223;Direct;1
763;1160;Direct;1
763;316;Direct;1
763;650;Direct;1
763;592;Direct;1
763;24;Direct;1
763;557;Direct;1
763;111;Direct;1
763;360;Direct;1
763;430;Direct;1
763;574;Direct;1
763;605;Direct;1
763;775;Direct;1
763;819;Direct;1
763;1235;Direct;1
763;265;Direct;1
763;1038;Direct;1
763;1289;Direct;1
763;785;Direct;1
763;213;Direct;1
763;481;Direct;1
763;482;Direct;1
763;809;Direct;1
763;947;Direct;1
763;702;Direct;1
763;1069;Direct;1
763;346;Direct;1
763;1107;Direct;1
763;83;Direct;1
763;686;Direct;1
763;848;Direct;1
763;151;Direct;1
763;437;Direct;1
763;199;Direct;1
763;90;Direct;1
763;1167;Direct;1
763;142;Direct;1
763;742;Direct;1
763;293;Direct;1
763;1258;Direct;1
763;62;Direct;1
763;1226;Direct;1
763;517;Direct;1
763;1121;Direct;1
763;664;Direct;1
763;788;Direct;1
763;231;Direct;1
763;1183;Direct;1
763;1208;Direct;1
763;499;Direct;1
763;61;Direct;1
763;171;Direct;1
763;431;Direct;1
763;1100;Direct;1
763;685;Direct;1
763;32;Direct;1
767;1118;Direct;1
767;945;Direct;1
767;571;Direct;1
767;885;Direct;1
767;337;Direct;1
767;1149;Direct;1
767;221;Direct;1
767;606;Direct;1
767;1023;Direct;1
767;793;Direct;1
767;1069;Direct;1
767;582;Direct;1
803;763;Direct;1
803;911;Direct;1
803;310;Direct;1
803;1254;Direct;1
803;793;Direct;1
803;1118;Direct;1
803;945;Direct;1
803;221;Direct;1
803;600;Direct;1
803;337;Direct;1
803;786;Direct;1
803;925;Direct;1
803;312;Direct;1
803;1100;Direct;1
803;446;Direct;1
803;685;Direct;1
803;1163;Direct;1
803;1149;Direct;1
803;275;Direct;1
803;571;Direct;1
803;582;Direct;1
803;939;Direct;1
803;292;Direct;1
803;1109;Direct;1
803;1105;Direct;1
803;767;Direct;1
803;651;Direct;1
803;1205;Direct;1
803;265;Direct;1
803;847;Direct;1
803;557;Direct;1
803;213;Direct;1
803;609;Direct;1
803;1243;Direct;1
803;304;Direct;1
803;1166;Direct;1
803;116;Direct;1
803;104;Direct;1
803;683;Direct;1
803;218;Direct;1
803;622;Direct;1
803;293;Direct;1
803;452;Direct;1
803;1001;Direct;1
803;484;Direct;1
803;707;Direct;1
803;1082;Direct;1
803;1081;Direct;1
803;183;Direct;1
803;1236;Direct;1
803;105;Direct;1
803;885;Direct;1
803;61;Direct;1
803;702;Direct;1
803;859;Direct;1
803;660;Direct;1
803;217;Direct;1
803;892;Direct;1
803;1032;Direct;1
803;1069;Direct;1
803;178;Direct;1
803;1175;Direct;1
803;961;Direct;1
803;761;Direct;1
803;1131;Direct;1
803;1239;Direct;1
803;1144;Direct;1
803;958;Direct;1
803;316;Direct;1
803;898;Direct;1
803;753;Direct;1
803;1160;Direct;1
803;419;Direct;1
803;872;Direct;1
803;399;Direct;1
803;829;Direct;1
803;762;Direct;1
803;941;Direct;1
803;198;Direct;1
803;1044;Direct;1
803;553;Direct;1
803;789;Direct;1
803;320;Direct;1
803;905;Direct;1
803;991;Direct;1
803;161;Direct;1
803;724;Direct;1
803;470;Direct;1
803;1297;Direct;1
803;435;Direct;1
803;1003;Direct;1
803;784;Direct;1
803;118;Direct;1
803;1289;Direct;1
803;677;Direct;1
803;460;Direct;1
803;855;Direct;1
803;1291;Direct;1
803;494;Direct;1
803;778;Direct;1
803;806;Direct;1
803;835;Direct;1
803;236;Direct;1
803;942;Direct;1
803;854;Direct;1
803;249;Direct;1
803;1298;Direct;1
803;1038;Direct;1
803;144;Direct;1
803;481;Direct;1
803;909;Direct;1
803;565;Direct;1
803;1094;Direct;1
803;1159;Direct;1
803;697;Direct;1
803;1141;Direct;1
803;0;Direct;1
803;592;Direct;1
803;239;Direct;1
803;1139;Direct;1
803;115;Direct;1
803;1035;Direct;1
803;664;Direct;1
803;375;Direct;1
803;824;Direct;1
803;1258;Direct;1
804;803;Direct;1
804;805;Direct;1
804;763;Direct;1
804;911;Direct;1
804;310;Direct;1
804;793;Direct;1
804;961;Direct;1
804;1254;Direct;1
804;945;Direct;1
804;1163;Direct;1
804;609;Direct;1
804;1298;Direct;1
804;221;Direct;1
804;292;Direct;1
804;1118;Direct;1
804;441;Direct;1
804;312;Direct;1
804;582;Direct;1
804;337;Direct;1
804;964;Direct;1
804;965;Direct;1
804;600;Direct;1
804;446;Direct;1
804;1300;Direct;1
804;1242;Direct;1
804;466;Direct;1
804;1131;Direct;1
804;116;Direct;1
804;1023;Direct;1
804;499;Direct;1
807;803;Direct;1
807;945;Direct;1
807;911;Direct;1
807;793;Direct;1
807;337;Direct;1
807;1023;Direct;1
807;1042;Direct;1
807;571;Direct;1
807;265;Direct;1
807;1081;Direct;1
807;1254;Direct;1
807;1100;Direct;1
813;291;Direct;1
813;1038;Direct;1
813;945;Direct;1
813;1219;Direct;1
813;1118;Direct;1
813;1251;Direct;1
813;1023;Direct;1
813;669;Direct;1
813;793;Direct;1
813;1258;Direct;1
814;793;Direct;1
814;1032;Direct;1
814;803;Direct;1
814;835;Direct;1
814;265;Direct;1
814;1177;Direct;1
814;446;Direct;1
814;763;Direct;1
814;911;Direct;1
814;1160;Direct;1
814;1105;Direct;1
814;655;Direct;1
814;1100;Direct;1
814;1163;Direct;1
814;155;Direct;1
814;786;Direct;1
814;1131;Direct;1
814;1118;Direct;1
814;582;Direct;1
814;933;Direct;1
814;683;Direct;1
814;1050;Direct;1
814;62;Direct;1
814;1300;Direct;1
814;1023;Direct;1
814;1301;Direct;1
814;660;Direct;1
814;600;Direct;1
814;1054;Direct;1
814;221;Direct;1
814;122;Direct;1
817;1118;Direct;1
817;582;Direct;1
817;1023;Direct;1
817;816;Direct;1
817;1254;Direct;1
817;213;Direct;1
817;793;Direct;1
817;1032;Direct;1
817;1163;Direct;1
817;758;Direct;1
817;853;Direct;1
817;1149;Direct;1
820;763;Direct;1
820;1038;Direct;1
820;1118;Direct;1
820;793;Direct;1
820;1175;Direct;1
820;945;Direct;1
820;859;Direct;1
820;761;Direct;1
820;600;Direct;1
820;753;Direct;1
820;777;Direct;1
820;1023;Direct;1
820;1062;Direct;1
820;221;Direct;1
820;571;Direct;1
820;116;Direct;1
820;796;Direct;1
820;464;Direct;1
820;400;Direct;1
820;1280;Direct;1
820;1254;Direct;1
820;523;Direct;1
833;1131;Direct;1
833;1118;Direct;1
833;786;Direct;1
833;600;Direct;1
833;660;Direct;1
833;310;Direct;1
833;793;Direct;1
833;582;Direct;1
833;221;Direct;1
833;609;Direct;1
833;292;Direct;1
833;1082;Direct;1
833;651;Direct;1
833;499;Direct;1
833;843;Direct;1
833;116;Direct;1
833;174;Direct;1
833;1298;Direct;1
833;1163;Direct;1
833;374;Direct;1
833;265;Direct;1
833;747;Direct;1
833;945;Direct;1
833;505;Direct;1
833;484;Direct;1
833;789;Direct;1
833;835;Direct;1
833;763;Direct;1
833;753;Direct;1
833;571;Direct;1
833;213;Direct;1
833;1023;Direct;1
833;769;Direct;1
833;1028;Direct;1
833;1123;Direct;1
833;939;Direct;1
833;446;Direct;1
833;834;Direct;1
833;874;Direct;1
833;669;Direct;1
833;452;Direct;1
833;178;Direct;1
833;1148;Direct;1
833;664;Direct;1
833;1288;Direct;1
837;793;Direct;1
837;1168;Direct;1
837;1023;Direct;1
837;143;Direct;1
837;859;Direct;1
837;819;Direct;1
840;337;Direct;1
840;28;Direct;1
851;850;Direct;1
851;1219;Direct;1
851;753;Direct;1
851;961;Direct;1
851;1254;Direct;1
851;1038;Direct;1
851;685;Direct;1
851;62;Direct;1
851;793;Direct;1
851;763;Direct;1
851;761;Direct;1
851;939;Direct;1
851;683;Direct;1
851;221;Direct;1
851;275;Direct;1
851;310;Direct;1
851;703;Direct;1
851;843;Direct;1
851;316;Direct;1
851;1100;Direct;1
851;600;Direct;1
851;1238;Direct;1
851;1163;Direct;1
851;945;Direct;1
851;1118;Direct;1
851;739;Direct;1
851;489;Direct;1
851;135;Direct;1
851;609;Direct;1
851;582;Direct;1
851;1239;Direct;1
851;925;Direct;1
851;557;Direct;1
851;171;Direct;1
851;446;Direct;1
851;803;Direct;1
851;552;Direct;1
851;1131;Direct;1
851;1248;Direct;1
851;740;Direct;1
851;586;Direct;1
851;549;Direct;1
851;169;Direct;1
851;571;Direct;1
851;28;Direct;1
851;124;Direct;1
851;1023;Direct;1
851;1160;Direct;1
851;317;Direct;1
851;492;Direct;1
851;1260;Direct;1
851;1087;Direct;1
851;1229;Direct;1
851;265;Direct;1
851;1149;Direct;1
851;854;Direct;1
851;716;Direct;1
851;59;Direct;1
858;793;Direct;1
858;911;Direct;1
858;1118;Direct;1
858;1109;Direct;1
858;337;Direct;1
858;939;Direct;1
858;397;Direct;1
858;398;Direct;1
858;859;Direct;1
858;609;Direct;1
858;502;Direct;1
858;24;Direct;1
858;265;Direct;1
918;865;Direct;1
918;1038;Direct;1
918;61;Direct;1
918;793;Direct;1
918;1215;Direct;1
918;1118;Direct;1
918;221;Direct;1
918;1160;Direct;1
918;293;Direct;1
918;945;Direct;1
918;911;Direct;1
918;892;Direct;1
918;1163;Direct;1
918;1258;Direct;1
918;1034;Direct;1
918;310;Direct;1
918;600;Direct;1
918;1008;Direct;1
918;403;Direct;1
918;213;Direct;1
918;446;Direct;1
918;660;Direct;1
918;476;Direct;1
918;1082;Direct;1
918;905;Direct;1
918;106;Direct;1
918;479;Direct;1
918;1013;Direct;1
918;861;Direct;1
918;646;Direct;1
918;1023;Direct;1
918;120;Direct;1
918;1295;Direct;1
918;375;Direct;1
918;1054;Direct;1
918;1032;Direct;1
918;1131;Direct;1
918;265;Direct;1
918;494;Direct;1
918;571;Direct;1
918;1257;Direct;1
918;939;Direct;1
918;1149;Direct;1
918;1105;Direct;1
918;1138;Direct;1
918;1199;Direct;1
918;416;Direct;1
918;155;Direct;1
918;1100;Direct;1
918;1158;Direct;1
872;793;Direct;1
872;1118;Direct;1
872;375;Direct;1
872;1054;Direct;1
872;265;Direct;1
872;1163;Direct;1
872;221;Direct;1
872;446;Direct;1
872;1109;Direct;1
872;310;Direct;1
872;945;Direct;1
872;1183;Direct;1
872;859;Direct;1
872;1032;Direct;1
872;1131;Direct;1
872;296;Direct;1
872;122;Direct;1
872;1034;Direct;1
872;484;Direct;1
872;1254;Direct;1
872;1087;Direct;1
872;582;Direct;1
872;847;Direct;1
872;1149;Direct;1
872;104;Direct;1
872;240;Direct;1
872;961;Direct;1
872;1090;Direct;1
872;435;Direct;1
872;854;Direct;1
872;1105;Direct;1
872;789;Direct;1
872;1226;Direct;1
872;827;Direct;1
872;146;Direct;1
872;1166;Direct;1
872;452;Direct;1
872;1160;Direct;1
872;293;Direct;1
872;939;Direct;1
872;116;Direct;1
872;609;Direct;1
872;835;Direct;1
872;431;Direct;1
872;1037;Direct;1
872;777;Direct;1
872;471;Direct;1
872;878;Direct;1
872;476;Direct;1
872;1008;Direct;1
872;1289;Direct;1
872;135;Direct;1
872;253;Direct;1
876;793;Direct;1
876;1163;Direct;1
876;1219;Direct;1
876;375;Direct;1
876;1131;Direct;1
876;1032;Direct;1
876;875;Direct;1
876;1118;Direct;1
876;1090;Direct;1
876;1008;Direct;1
876;213;Direct;1
876;403;Direct;1
876;582;Direct;1
876;970;Direct;1
876;1034;Direct;1
876;1105;Direct;1
876;1138;Direct;1
876;171;Direct;1
882;1118;Direct;1
882;854;Direct;1
882;945;Direct;1
882;337;Direct;1
882;275;Direct;1
882;939;Direct;1
882;793;Direct;1
882;1219;Direct;1
883;1118;Direct;1
883;793;Direct;1
883;945;Direct;1
883;1219;Direct;1
883;1023;Direct;1
883;854;Direct;1
883;275;Direct;1
883;1205;Direct;1
883;571;Direct;1
883;600;Direct;1
883;431;Direct;1
883;859;Direct;1
883;104;Direct;1
883;835;Direct;1
883;1258;Direct;1
883;179;Direct;1
883;847;Direct;1
883;1032;Direct;1
883;609;Direct;1
883;1100;Direct;1
883;1155;Direct;1
883;135;Direct;1
883;1254;Direct;1
888;1189;Direct;1
888;1284;Direct;1
888;660;Direct;1
888;793;Direct;1
888;1118;Direct;1
888;1192;Direct;1
888;1219;Direct;1
888;37;Direct;1
888;1163;Direct;1
888;38;Direct;1
888;945;Direct;1
888;265;Direct;1
888;39;Direct;1
888;176;Direct;1
888;224;Direct;1
888;1258;Direct;1
888;633;Direct;1
888;221;Direct;1
888;62;Direct;1
888;703;Direct;1
888;1190;Direct;1
888;1131;Direct;1
888;178;Direct;1
888;406;Direct;1
888;571;Direct;1
888;377;Direct;1
888;59;Direct;1
888;136;Direct;1
888;1205;Direct;1
888;763;Direct;1
888;892;Direct;1
888;1254;Direct;1
888;843;Direct;1
888;387;Direct;1
888;870;Direct;1
888;365;Direct;1
888;631;Direct;1
888;67;Direct;1
888;582;Direct;1
888;1032;Direct;1
888;484;Direct;1
888;1160;Direct;1
888;28;Direct;1
888;600;Direct;1
888;683;Direct;1
888;1149;Direct;1
888;1218;Direct;1
888;619;Direct;1
888;924;Direct;1
888;446;Direct;1
888;368;Direct;1
888;557;Direct;1
888;343;Direct;1
888;544;Direct;1
888;443;Direct;1
888;200;Direct;1
888;366;Direct;1
888;389;Direct;1
888;388;Direct;1
888;367;Direct;1
888;84;Direct;1
888;310;Direct;1
888;1128;Direct;1
888;1109;Direct;1
888;1023;Direct;1
888;442;Direct;1
888;2;Direct;1
888;558;Direct;1
888;148;Direct;1
888;1239;Direct;1
888;1298;Direct;1
888;1100;Direct;1
888;215;Direct;1
888;1000;Direct;1
888;210;Direct;1
888;581;Direct;1
888;342;Direct;1
888;1183;Direct;1
888;369;Direct;1
888;229;Direct;1
888;1028;Direct;1
888;340;Direct;1
888;1067;Direct;1
888;1122;Direct;1
888;987;Direct;1
888;952;Direct;1
888;201;Direct;1
35;893;Direct;1
35;171;Direct;1
35;337;Direct;1
35;1081;Direct;1
35;1023;Direct;1
35;449;Direct;1
35;265;Direct;1
35;1219;Direct;1
35;1118;Direct;1
35;1109;Direct;1
35;1163;Direct;1
35;62;Direct;1
35;793;Direct;1
35;310;Direct;1
35;945;Direct;1
894;1118;Direct;1
894;614;Direct;1
894;475;Direct;1
894;104;Direct;1
894;476;Direct;1
894;1023;Direct;1
894;1109;Direct;1
894;524;Direct;1
894;521;Direct;1
894;1054;Direct;1
894;1087;Direct;1
894;441;Direct;1
894;135;Direct;1
900;763;Direct;1
900;275;Direct;1
900;1118;Direct;1
900;793;Direct;1
900;896;Direct;1
900;753;Direct;1
900;685;Direct;1
900;1254;Direct;1
900;1205;Direct;1
900;822;Direct;1
900;1001;Direct;1
900;571;Direct;1
900;1163;Direct;1
900;1219;Direct;1
900;553;Direct;1
900;1183;Direct;1
900;1100;Direct;1
900;310;Direct;1
900;835;Direct;1
900;292;Direct;1
900;704;Direct;1
900;717;Direct;1
900;1160;Direct;1
900;1082;Direct;1
900;333;Direct;1
900;1023;Direct;1
900;995;Direct;1
900;474;Direct;1
900;176;Direct;1
900;221;Direct;1
900;994;Direct;1
900;1239;Direct;1
900;28;Direct;1
900;681;Direct;1
900;134;Direct;1
900;1032;Direct;1
900;945;Direct;1
900;843;Direct;1
900;938;Direct;1
900;1123;Direct;1
900;33;Direct;1
900;933;Direct;1
900;1095;Direct;1
900;1008;Direct;1
900;171;Direct;1
900;887;Direct;1
900;452;Direct;1
900;786;Direct;1
900;318;Direct;1
708;165;Direct;1
708;901;Direct;1
708;1118;Direct;1
708;310;Direct;1
708;793;Direct;1
708;1160;Direct;1
708;1139;Direct;1
708;1254;Direct;1
708;221;Direct;1
708;1163;Direct;1
708;945;Direct;1
708;275;Direct;1
708;1054;Direct;1
708;1105;Direct;1
708;265;Direct;1
708;939;Direct;1
708;835;Direct;1
708;609;Direct;1
708;1239;Direct;1
708;1258;Direct;1
708;491;Direct;1
708;1226;Direct;1
708;213;Direct;1
708;446;Direct;1
708;452;Direct;1
708;151;Direct;1
708;1087;Direct;1
708;600;Direct;1
708;847;Direct;1
708;706;Direct;1
708;1183;Direct;1
708;183;Direct;1
708;484;Direct;1
708;316;Direct;1
708;475;Direct;1
708;789;Direct;1
708;122;Direct;1
708;1035;Direct;1
708;1008;Direct;1
708;1032;Direct;1
708;1109;Direct;1
708;502;Direct;1
708;1034;Direct;1
708;585;Direct;1
708;1069;Direct;1
708;576;Direct;1
708;710;Direct;1
708;711;Direct;1
708;582;Direct;1
708;188;Direct;1
708;479;Direct;1
708;1227;Direct;1
708;724;Direct;1
708;190;Direct;1
708;375;Direct;1
708;513;Direct;1
708;1271;Direct;1
708;614;Direct;1
708;771;Direct;1
708;1131;Direct;1
708;1298;Direct;1
708;687;Direct;1
708;1144;Direct;1
708;709;Direct;1
708;1090;Direct;1
708;45;Direct;1
708;128;Direct;1
708;395;Direct;1
708;350;Direct;1
708;906;Direct;1
708;933;Direct;1
708;135;Direct;1
708;985;Direct;1
708;959;Direct;1
708;683;Direct;1
708;597;Direct;1
708;501;Direct;1
708;1237;Direct;1
708;59;Direct;1
708;660;Direct;1
708;322;Direct;1
708;232;Direct;1
36;902;Direct;1
36;1221;Direct;1
36;1219;Direct;1
36;1118;Direct;1
36;1254;Direct;1
36;1163;Direct;1
36;310;Direct;1
36;582;Direct;1
36;793;Direct;1
36;945;Direct;1
36;452;Direct;1
36;1105;Direct;1
36;609;Direct;1
36;375;Direct;1
36;446;Direct;1
36;122;Direct;1
36;178;Direct;1
36;1023;Direct;1
36;59;Direct;1
36;1054;Direct;1
36;316;Direct;1
36;502;Direct;1
903;34;Direct;1
903;1118;Direct;1
903;1054;Direct;1
903;793;Direct;1
903;1160;Direct;1
903;1038;Direct;1
903;911;Direct;1
903;1254;Direct;1
903;310;Direct;1
903;288;Direct;1
903;945;Direct;1
903;600;Direct;1
903;446;Direct;1
903;191;Direct;1
903;213;Direct;1
903;375;Direct;1
903;135;Direct;1
903;1131;Direct;1
903;1087;Direct;1
903;279;Direct;1
903;1100;Direct;1
903;1008;Direct;1
903;1023;Direct;1
903;189;Direct;1
903;1183;Direct;1
903;1090;Direct;1
903;90;Direct;1
903;1239;Direct;1
903;452;Direct;1
903;1109;Direct;1
903;1258;Direct;1
903;786;Direct;1
908;1014;Direct;1
908;1118;Direct;1
908;1219;Direct;1
908;1163;Direct;1
908;793;Direct;1
908;293;Direct;1
908;1160;Direct;1
908;660;Direct;1
908;1054;Direct;1
908;582;Direct;1
908;1229;Direct;1
908;1226;Direct;1
908;337;Direct;1
908;945;Direct;1
908;484;Direct;1
908;1008;Direct;1
908;213;Direct;1
908;375;Direct;1
908;1105;Direct;1
908;1284;Direct;1
908;880;Direct;1
908;557;Direct;1
908;1155;Direct;1
908;875;Direct;1
908;120;Direct;1
908;1023;Direct;1
908;859;Direct;1
908;933;Direct;1
908;11;Direct;1
908;761;Direct;1
908;1183;Direct;1
908;237;Direct;1
908;403;Direct;1
908;1138;Direct;1
908;47;Direct;1
908;638;Direct;1
908;1285;Direct;1
908;105;Direct;1
910;1219;Direct;1
910;763;Direct;1
910;1118;Direct;1
910;221;Direct;1
910;793;Direct;1
910;767;Direct;1
910;582;Direct;1
910;1131;Direct;1
910;660;Direct;1
910;571;Direct;1
910;685;Direct;1
910;885;Direct;1
910;945;Direct;1
910;1069;Direct;1
910;1001;Direct;1
910;372;Direct;1
910;1023;Direct;1
910;337;Direct;1
910;1254;Direct;1
910;600;Direct;1
910;843;Direct;1
910;786;Direct;1
910;116;Direct;1
910;213;Direct;1
910;847;Direct;1
910;835;Direct;1
910;683;Direct;1
910;236;Direct;1
910;452;Direct;1
910;1094;Direct;1
910;1149;Direct;1
910;268;Direct;1
910;896;Direct;1
910;502;Direct;1
912;793;Direct;1
912;1118;Direct;1
912;280;Direct;1
912;582;Direct;1
912;600;Direct;1
912;484;Direct;1
912;911;Direct;1
912;1023;Direct;1
912;727;Direct;1
912;945;Direct;1
912;1266;Direct;1
912;790;Direct;1
912;1071;Direct;1
912;1109;Direct;1
912;337;Direct;1
912;879;Direct;1
912;1249;Direct;1
912;104;Direct;1
912;939;Direct;1
912;1054;Direct;1
928;1301;Direct;1
928;1118;Direct;1
928;1163;Direct;1
928;793;Direct;1
928;660;Direct;1
928;1160;Direct;1
928;1219;Direct;1
928;911;Direct;1
928;1254;Direct;1
928;375;Direct;1
928;945;Direct;1
928;763;Direct;1
928;1178;Direct;1
928;1032;Direct;1
928;1109;Direct;1
928;120;Direct;1
928;479;Direct;1
928;609;Direct;1
928;847;Direct;1
928;1105;Direct;1
928;600;Direct;1
928;275;Direct;1
928;1166;Direct;1
928;62;Direct;1
928;293;Direct;1
928;337;Direct;1
928;446;Direct;1
928;939;Direct;1
928;724;Direct;1
928;571;Direct;1
928;1069;Direct;1
928;1054;Direct;1
928;122;Direct;1
928;310;Direct;1
928;221;Direct;1
928;611;Direct;1
928;1023;Direct;1
928;584;Direct;1
928;839;Direct;1
928;191;Direct;1
928;859;Direct;1
928;1034;Direct;1
928;502;Direct;1
928;350;Direct;1
928;1183;Direct;1
928;252;Direct;1
928;892;Direct;1
928;901;Direct;1
928;484;Direct;1
928;500;Direct;1
928;1291;Direct;1
928;137;Direct;1
928;172;Direct;1
928;82;Direct;1
928;1070;Direct;1
928;562;Direct;1
928;42;Direct;1
928;403;Direct;1
928;1216;Direct;1
928;688;Direct;1
928;1008;Direct;1
928;1056;Direct;1
928;1221;Direct;1
928;1066;Direct;1
928;1277;Direct;1
928;255;Direct;1
928;1258;Direct;1
928;1300;Direct;1
928;835;Direct;1
928;476;Direct;1
928;1090;Direct;1
928;1125;Direct;1
928;1227;Direct;1
928;854;Direct;1
928;582;Direct;1
928;58;Direct;1
928;452;Direct;1
928;933;Direct;1
928;265;Direct;1
928;581;Direct;1
928;6;Direct;1
928;1012;Direct;1
928;59;Direct;1
928;176;Direct;1
928;505;Direct;1
928;761;Direct;1
928;104;Direct;1
928;1290;Direct;1
928;449;Direct;1
928;90;Direct;1
928;344;Direct;1
928;1131;Direct;1
928;1100;Direct;1
928;170;Direct;1
928;1149;Direct;1
928;885;Direct;1
929;793;Direct;1
929;756;Direct;1
929;30;Direct;1
929;1023;Direct;1
929;803;Direct;1
929;763;Direct;1
929;1239;Direct;1
929;609;Direct;1
929;761;Direct;1
929;28;Direct;1
929;588;Direct;1
929;1118;Direct;1
929;1029;Direct;1
930;932;Direct;1
930;793;Direct;1
930;1023;Direct;1
930;337;Direct;1
930;1118;Direct;1
930;1109;Direct;1
930;911;Direct;1
930;573;Direct;1
930;1038;Direct;1
930;859;Direct;1
930;609;Direct;1
930;502;Direct;1
930;1254;Direct;1
930;1029;Direct;1
932;911;Direct;1
932;38;Direct;1
932;793;Direct;1
932;40;Direct;1
932;1118;Direct;1
932;37;Direct;1
932;1119;Direct;1
932;794;Direct;1
932;265;Direct;1
932;222;Direct;1
932;56;Direct;1
932;1023;Direct;1
934;793;Direct;1
934;484;Direct;1
934;1219;Direct;1
934;1023;Direct;1
934;609;Direct;1
934;1105;Direct;1
934;1082;Direct;1
934;221;Direct;1
934;911;Direct;1
943;660;Direct;1
943;911;Direct;1
943;763;Direct;1
943;1118;Direct;1
943;203;Direct;1
943;793;Direct;1
943;78;Direct;1
943;1109;Direct;1
943;609;Direct;1
943;1254;Direct;1
943;206;Direct;1
943;683;Direct;1
943;799;Direct;1
943;1032;Direct;1
943;221;Direct;1
943;945;Direct;1
943;1219;Direct;1
943;685;Direct;1
943;1131;Direct;1
943;1239;Direct;1
943;446;Direct;1
943;600;Direct;1
943;786;Direct;1
943;854;Direct;1
943;337;Direct;1
943;160;Direct;1
943;672;Direct;1
943;1160;Direct;1
943;1163;Direct;1
943;252;Direct;1
943;1226;Direct;1
943;1166;Direct;1
943;795;Direct;1
943;454;Direct;1
943;210;Direct;1
943;843;Direct;1
943;104;Direct;1
943;417;Direct;1
943;240;Direct;1
943;724;Direct;1
943;1053;Direct;1
943;1298;Direct;1
943;879;Direct;1
943;265;Direct;1
943;120;Direct;1
943;1212;Direct;1
943;55;Direct;1
943;372;Direct;1
943;275;Direct;1
943;570;Direct;1
943;582;Direct;1
943;1101;Direct;1
943;502;Direct;1
943;810;Direct;1
951;950;Direct;1
951;1163;Direct;1
951;911;Direct;1
951;1118;Direct;1
951;793;Direct;1
951;1160;Direct;1
951;1054;Direct;1
951;600;Direct;1
951;375;Direct;1
951;1023;Direct;1
951;446;Direct;1
951;134;Direct;1
951;337;Direct;1
951;1254;Direct;1
951;310;Direct;1
951;1008;Direct;1
951;440;Direct;1
951;265;Direct;1
951;511;Direct;1
951;1166;Direct;1
951;104;Direct;1
951;703;Direct;1
951;128;Direct;1
951;1239;Direct;1
951;939;Direct;1
951;1258;Direct;1
951;945;Direct;1
951;1087;Direct;1
951;151;Direct;1
962;961;Direct;1
962;793;Direct;1
962;1023;Direct;1
962;337;Direct;1
962;375;Direct;1
962;1090;Direct;1
962;651;Direct;1
962;582;Direct;1
962;1038;Direct;1
962;964;Direct;1
962;1131;Direct;1
962;1032;Direct;1
962;847;Direct;1
963;961;Direct;1
963;660;Direct;1
963;945;Direct;1
963;614;Direct;1
963;966;Direct;1
963;1118;Direct;1
963;793;Direct;1
963;1023;Direct;1
963;1271;Direct;1
963;703;Direct;1
971;1023;Direct;1
971;571;Direct;1
971;945;Direct;1
971;961;Direct;1
971;1118;Direct;1
971;660;Direct;1
971;609;Direct;1
971;1038;Direct;1
971;221;Direct;1
971;911;Direct;1
980;1221;Direct;1
980;1219;Direct;1
980;982;Direct;1
980;793;Direct;1
980;1118;Direct;1
980;945;Direct;1
980;1254;Direct;1
980;1032;Direct;1
980;1198;Direct;1
980;155;Direct;1
980;68;Direct;1
980;337;Direct;1
980;116;Direct;1
980;835;Direct;1
980;176;Direct;1
980;679;Direct;1
980;1054;Direct;1
980;1109;Direct;1
980;391;Direct;1
980;632;Direct;1
980;619;Direct;1
980;329;Direct;1
980;221;Direct;1
980;775;Direct;1
980;562;Direct;1
980;184;Direct;1
980;1023;Direct;1
980;660;Direct;1
980;767;Direct;1
980;1131;Direct;1
980;1160;Direct;1
980;1101;Direct;1
980;238;Direct;1
980;1094;Direct;1
980;1129;Direct;1
980;445;Direct;1
980;382;Direct;1
980;193;Direct;1
980;1158;Direct;1
980;310;Direct;1
980;1163;Direct;1
980;211;Direct;1
980;1174;Direct;1
980;1175;Direct;1
980;1238;Direct;1
980;571;Direct;1
989;793;Direct;1
989;1118;Direct;1
989;945;Direct;1
989;1254;Direct;1
989;1163;Direct;1
989;337;Direct;1
989;1023;Direct;1
989;1246;Direct;1
989;1219;Direct;1
989;484;Direct;1
989;104;Direct;1
989;660;Direct;1
989;213;Direct;1
989;582;Direct;1
989;933;Direct;1
989;847;Direct;1
989;74;Direct;1
989;592;Direct;1
989;375;Direct;1
989;1109;Direct;1
992;1145;Direct;1
992;793;Direct;1
992;161;Direct;1
992;1032;Direct;1
992;1131;Direct;1
992;683;Direct;1
992;1118;Direct;1
992;1109;Direct;1
992;104;Direct;1
992;1163;Direct;1
992;240;Direct;1
992;1160;Direct;1
992;275;Direct;1
992;660;Direct;1
992;1054;Direct;1
992;1100;Direct;1
992;703;Direct;1
992;939;Direct;1
992;623;Direct;1
992;582;Direct;1
992;446;Direct;1
992;872;Direct;1
992;945;Direct;1
992;502;Direct;1
992;609;Direct;1
992;484;Direct;1
992;1023;Direct;1
992;571;Direct;1
992;375;Direct;1
992;847;Direct;1
992;1221;Direct;1
992;505;Direct;1
992;1183;Direct;1
992;265;Direct;1
992;221;Direct;1
992;292;Direct;1
992;1124;Direct;1
992;1090;Direct;1
998;1040;Direct;1
998;763;Direct;1
998;685;Direct;1
998;1001;Direct;1
998;911;Direct;1
998;793;Direct;1
998;1118;Direct;1
998;683;Direct;1
998;945;Direct;1
998;1219;Direct;1
998;1254;Direct;1
998;1038;Direct;1
998;446;Direct;1
998;1131;Direct;1
998;221;Direct;1
998;600;Direct;1
998;744;Direct;1
998;717;Direct;1
998;337;Direct;1
998;1109;Direct;1
998;265;Direct;1
998;393;Direct;1
998;609;Direct;1
998;275;Direct;1
998;1149;Direct;1
998;1032;Direct;1
998;761;Direct;1
998;484;Direct;1
998;37;Direct;1
998;548;Direct;1
998;1226;Direct;1
998;1250;Direct;1
998;119;Direct;1
998;1163;Direct;1
998;502;Direct;1
998;1029;Direct;1
998;692;Direct;1
998;272;Direct;1
998;312;Direct;1
998;116;Direct;1
998;1160;Direct;1
998;859;Direct;1
998;1205;Direct;1
998;629;Direct;1
998;135;Direct;1
998;1117;Direct;1
998;1227;Direct;1
998;795;Direct;1
998;939;Direct;1
998;560;Direct;1
998;98;Direct;1
998;1023;Direct;1
998;357;Direct;1
998;975;Direct;1
998;112;Direct;1
998;488;Direct;1
998;1256;Direct;1
998;273;Direct;1
998;1100;Direct;1
998;310;Direct;1
998;794;Direct;1
998;1164;Direct;1
998;553;Direct;1
998;176;Direct;1
998;571;Direct;1
998;104;Direct;1
998;1076;Direct;1
998;1097;Direct;1
998;31;Direct;1
998;680;Direct;1
998;111;Direct;1
998;1041;Direct;1
998;889;Direct;1
998;413;Direct;1
998;450;Direct;1
998;863;Direct;1
998;1298;Direct;1
998;608;Direct;1
998;582;Direct;1
998;1002;Direct;1
998;724;Direct;1
998;303;Direct;1
998;213;Direct;1
998;499;Direct;1
998;853;Direct;1
998;1028;Direct;1
998;1069;Direct;1
998;252;Direct;1
998;304;Direct;1
998;745;Direct;1
998;1247;Direct;1
998;185;Direct;1
998;552;Direct;1
998;90;Direct;1
998;1174;Direct;1
998;1175;Direct;1
998;1183;Direct;1
998;546;Direct;1
998;59;Direct;1
998;505;Direct;1
998;969;Direct;1
998;1300;Direct;1
998;300;Direct;1
999;1042;Direct;1
999;763;Direct;1
999;1001;Direct;1
999;685;Direct;1
999;1254;Direct;1
999;793;Direct;1
999;1163;Direct;1
999;1118;Direct;1
999;600;Direct;1
999;221;Direct;1
999;61;Direct;1
999;761;Direct;1
999;945;Direct;1
999;1032;Direct;1
999;835;Direct;1
999;683;Direct;1
999;446;Direct;1
999;452;Direct;1
999;1131;Direct;1
999;717;Direct;1
999;582;Direct;1
999;786;Direct;1
999;660;Direct;1
999;310;Direct;1
999;1227;Direct;1
999;859;Direct;1
999;265;Direct;1
999;1226;Direct;1
999;337;Direct;1
999;571;Direct;1
999;275;Direct;1
999;499;Direct;1
999;105;Direct;1
999;1125;Direct;1
999;375;Direct;1
999;1060;Direct;1
999;885;Direct;1
999;104;Direct;1
999;1183;Direct;1
999;1219;Direct;1
999;1038;Direct;1
999;854;Direct;1
999;789;Direct;1
999;1149;Direct;1
999;213;Direct;1
999;110;Direct;1
999;1105;Direct;1
999;1160;Direct;1
999;1205;Direct;1
999;1204;Direct;1
999;1146;Direct;1
999;109;Direct;1
999;1109;Direct;1
999;392;Direct;1
999;844;Direct;1
999;777;Direct;1
999;939;Direct;1
999;116;Direct;1
999;176;Direct;1
999;609;Direct;1
999;174;Direct;1
999;1175;Direct;1
999;1300;Direct;1
999;1119;Direct;1
999;502;Direct;1
999;642;Direct;1
999;936;Direct;1
999;150;Direct;1
999;653;Direct;1
999;295;Direct;1
999;661;Direct;1
999;1094;Direct;1
999;1068;Direct;1
999;79;Direct;1
999;1021;Direct;1
999;293;Direct;1
999;111;Direct;1
999;843;Direct;1
999;699;Direct;1
999;673;Direct;1
999;195;Direct;1
999;15;Direct;1
999;1202;Direct;1
999;202;Direct;1
999;290;Direct;1
999;935;Direct;1
999;866;Direct;1
999;13;Direct;1
999;1185;Direct;1
999;1158;Direct;1
999;1166;Direct;1
999;515;Direct;1
999;674;Direct;1
999;76;Direct;1
999;923;Direct;1
999;1113;Direct;1
999;1273;Direct;1
999;484;Direct;1
999;563;Direct;1
999;629;Direct;1
999;1298;Direct;1
999;5;Direct;1
999;802;Direct;1
999;702;Direct;1
999;1090;Direct;1
999;122;Direct;1
999;336;Direct;1
999;178;Direct;1
999;794;Direct;1
999;946;Direct;1
999;1289;Direct;1
999;811;Direct;1
999;645;Direct;1
999;316;Direct;1
999;292;Direct;1
999;639;Direct;1
999;16;Direct;1
999;235;Direct;1
999;457;Direct;1
999;712;Direct;1
999;853;Direct;1
999;1028;Direct;1
999;171;Direct;1
999;644;Direct;1
999;619;Direct;1
999;636;Direct;1
999;819;Direct;1
999;1015;Direct;1
999;1207;Direct;1
999;320;Direct;1
999;18;Direct;1
999;973;Direct;1
999;318;Direct;1
999;19;Direct;1
999;448;Direct;1
999;505;Direct;1
999;113;Direct;1
999;350;Direct;1
999;1069;Direct;1
999;1075;Direct;1
999;217;Direct;1
999;904;Direct;1
999;8;Direct;1
999;17;Direct;1
999;50;Direct;1
999;335;Direct;1
999;459;Direct;1
1001;763;Direct;1
1001;1254;Direct;1
1001;793;Direct;1
1001;1118;Direct;1
1001;683;Direct;1
1001;945;Direct;1
1001;600;Direct;1
1001;1109;Direct;1
1001;221;Direct;1
1001;582;Direct;1
1001;1131;Direct;1
1001;1163;Direct;1
1001;685;Direct;1
1001;1160;Direct;1
1001;1032;Direct;1
1001;446;Direct;1
1001;607;Direct;1
1001;786;Direct;1
1001;484;Direct;1
1001;571;Direct;1
1001;337;Direct;1
1001;753;Direct;1
1001;275;Direct;1
1001;109;Direct;1
1001;111;Direct;1
1001;718;Direct;1
1001;108;Direct;1
1001;939;Direct;1
1001;293;Direct;1
1001;609;Direct;1
1001;104;Direct;1
1001;1117;Direct;1
1001;1149;Direct;1
1001;107;Direct;1
1001;1069;Direct;1
1001;502;Direct;1
1001;1300;Direct;1
1001;789;Direct;1
1001;452;Direct;1
1001;835;Direct;1
1001;315;Direct;1
1001;1219;Direct;1
1001;1171;Direct;1
1001;265;Direct;1
1001;988;Direct;1
1001;310;Direct;1
1001;155;Direct;1
1001;1166;Direct;1
1001;1258;Direct;1
1001;667;Direct;1
1001;1105;Direct;1
1001;114;Direct;1
1001;777;Direct;1
1001;819;Direct;1
1001;451;Direct;1
1001;1231;Direct;1
1001;1021;Direct;1
1001;1038;Direct;1
1001;53;Direct;1
1001;766;Direct;1
1001;1121;Direct;1
1001;375;Direct;1
1001;545;Direct;1
1001;800;Direct;1
1001;289;Direct;1
1001;292;Direct;1
1001;269;Direct;1
1001;59;Direct;1
1001;444;Direct;1
1001;483;Direct;1
1001;557;Direct;1
1001;110;Direct;1
1001;147;Direct;1
1001;166;Direct;1
1001;257;Direct;1
1001;752;Direct;1
1001;290;Direct;1
1001;1227;Direct;1
1001;349;Direct;1
1001;476;Direct;1
1001;1112;Direct;1
1001;1140;Direct;1
1001;317;Direct;1
1001;937;Direct;1
1001;746;Direct;1
1001;598;Direct;1
1001;761;Direct;1
1001;361;Direct;1
1001;346;Direct;1
1001;350;Direct;1
1001;751;Direct;1
1001;62;Direct;1
1001;330;Direct;1
1001;859;Direct;1
1001;1018;Direct;1
1001;1154;Direct;1
1001;1183;Direct;1
1001;233;Direct;1
1001;1298;Direct;1
1001;627;Direct;1
1001;666;Direct;1
1001;821;Direct;1
1001;1292;Direct;1
1001;682;Direct;1
1001;370;Direct;1
1001;781;Direct;1
1001;173;Direct;1
1001;505;Direct;1
1001;1172;Direct;1
1001;14;Direct;1
1001;282;Direct;1
1001;1036;Direct;1
1001;695;Direct;1
1001;300;Direct;1
1001;629;Direct;1
1001;635;Direct;1
1001;696;Direct;1
1001;316;Direct;1
919;339;Direct;1
919;1010;Direct;1
919;1118;Direct;1
919;1219;Direct;1
919;945;Direct;1
919;1221;Direct;1
919;1020;Direct;1
919;213;Direct;1
919;793;Direct;1
919;1023;Direct;1
919;705;Direct;1
919;600;Direct;1
919;446;Direct;1
920;1011;Direct;1
920;793;Direct;1
920;1023;Direct;1
920;484;Direct;1
920;331;Direct;1
920;911;Direct;1
920;221;Direct;1
920;945;Direct;1
920;1118;Direct;1
1017;288;Direct;1
1017;911;Direct;1
1017;945;Direct;1
1017;124;Direct;1
1017;1254;Direct;1
1017;881;Direct;1
1017;213;Direct;1
1017;793;Direct;1
1017;1118;Direct;1
1017;1100;Direct;1
1017;34;Direct;1
1017;647;Direct;1
1017;748;Direct;1
1017;1151;Direct;1
1017;52;Direct;1
1017;643;Direct;1
1017;62;Direct;1
1017;1023;Direct;1
1017;1015;Direct;1
1017;310;Direct;1
1017;1072;Direct;1
1024;793;Direct;1
1024;1118;Direct;1
1024;911;Direct;1
1024;843;Direct;1
1024;1254;Direct;1
1024;1109;Direct;1
1024;310;Direct;1
1024;1181;Direct;1
1024;600;Direct;1
1024;1029;Direct;1
1024;582;Direct;1
1024;847;Direct;1
1024;879;Direct;1
1024;859;Direct;1
1024;1023;Direct;1
1024;812;Direct;1
1024;945;Direct;1
1024;337;Direct;1
46;1027;Direct;1
46;685;Direct;1
46;407;Direct;1
46;293;Direct;1
46;1118;Direct;1
46;324;Direct;1
46;945;Direct;1
46;62;Direct;1
46;911;Direct;1
46;793;Direct;1
46;600;Direct;1
46;763;Direct;1
46;446;Direct;1
46;683;Direct;1
46;896;Direct;1
46;904;Direct;1
46;835;Direct;1
46;1254;Direct;1
46;939;Direct;1
46;571;Direct;1
46;484;Direct;1
46;660;Direct;1
46;1109;Direct;1
46;350;Direct;1
46;892;Direct;1
46;176;Direct;1
46;1221;Direct;1
46;1219;Direct;1
46;1160;Direct;1
46;151;Direct;1
46;785;Direct;1
46;346;Direct;1
46;334;Direct;1
46;651;Direct;1
46;649;Direct;1
46;1100;Direct;1
46;1105;Direct;1
46;502;Direct;1
46;688;Direct;1
46;375;Direct;1
46;1280;Direct;1
46;626;Direct;1
46;786;Direct;1
46;847;Direct;1
46;105;Direct;1
46;345;Direct;1
46;774;Direct;1
46;1289;Direct;1
46;60;Direct;1
46;122;Direct;1
46;505;Direct;1
46;221;Direct;1
46;90;Direct;1
46;344;Direct;1
46;1149;Direct;1
46;885;Direct;1
46;61;Direct;1
1035;1219;Direct;1
1035;1118;Direct;1
1035;316;Direct;1
1035;945;Direct;1
1035;1149;Direct;1
1035;793;Direct;1
1035;1109;Direct;1
1035;522;Direct;1
1035;1226;Direct;1
1035;786;Direct;1
1035;1131;Direct;1
1035;1139;Direct;1
1035;346;Direct;1
1035;609;Direct;1
1035;683;Direct;1
1035;1023;Direct;1
1035;337;Direct;1
1035;221;Direct;1
1035;675;Direct;1
1035;1105;Direct;1
1035;213;Direct;1
1035;1213;Direct;1
1045;582;Direct;1
1045;793;Direct;1
1045;1118;Direct;1
1045;660;Direct;1
1045;1219;Direct;1
1045;502;Direct;1
1045;703;Direct;1
1045;1023;Direct;1
1045;1300;Direct;1
1045;1109;Direct;1
1045;961;Direct;1
1045;3;Direct;1
1045;1131;Direct;1
1045;159;Direct;1
1045;715;Direct;1
1045;971;Direct;1
1045;1087;Direct;1
1051;1118;Direct;1
1051;945;Direct;1
1051;1052;Direct;1
1051;213;Direct;1
1051;1023;Direct;1
1051;1021;Direct;1
1053;221;Direct;1
1053;213;Direct;1
1053;1023;Direct;1
1053;446;Direct;1
1053;600;Direct;1
1053;786;Direct;1
1053;945;Direct;1
1053;1118;Direct;1
1053;904;Direct;1
1053;763;Direct;1
1053;911;Direct;1
1058;1057;Direct;1
1058;1178;Direct;1
1058;660;Direct;1
1058;1118;Direct;1
1058;1163;Direct;1
1058;1054;Direct;1
1058;1226;Direct;1
1058;502;Direct;1
1058;939;Direct;1
1058;844;Direct;1
1058;793;Direct;1
1058;337;Direct;1
1058;1023;Direct;1
1058;1035;Direct;1
1058;723;Direct;1
1058;1258;Direct;1
1058;869;Direct;1
1058;1229;Direct;1
1058;683;Direct;1
1058;310;Direct;1
1058;134;Direct;1
1058;505;Direct;1
1058;221;Direct;1
1078;932;Direct;1
1078;793;Direct;1
1078;794;Direct;1
1078;911;Direct;1
1078;1119;Direct;1
1078;946;Direct;1
1078;1118;Direct;1
1078;1164;Direct;1
1078;945;Direct;1
1078;586;Direct;1
1078;763;Direct;1
1078;1131;Direct;1
1078;1163;Direct;1
1078;1032;Direct;1
1078;703;Direct;1
1078;554;Direct;1
1078;337;Direct;1
1078;1184;Direct;1
1078;572;Direct;1
1078;1055;Direct;1
1078;1033;Direct;1
1078;1161;Direct;1
1078;1149;Direct;1
1078;213;Direct;1
1078;376;Direct;1
1078;860;Direct;1
1078;221;Direct;1
1078;835;Direct;1
1078;116;Direct;1
1078;604;Direct;1
1078;913;Direct;1
1078;931;Direct;1
1078;293;Direct;1
1078;420;Direct;1
1078;980;Direct;1
1078;553;Direct;1
1078;1106;Direct;1
1078;1110;Direct;1
1078;123;Direct;1
1078;214;Direct;1
1078;652;Direct;1
1078;764;Direct;1
1078;1219;Direct;1
1078;582;Direct;1
1078;660;Direct;1
1078;1183;Direct;1
1078;1054;Direct;1
1078;478;Direct;1
1078;786;Direct;1
1078;600;Direct;1
1078;1239;Direct;1
1078;1289;Direct;1
1078;446;Direct;1
1078;558;Direct;1
1078;1258;Direct;1
1078;620;Direct;1
1078;1086;Direct;1
1078;1218;Direct;1
1078;927;Direct;1
1078;497;Direct;1
1078;685;Direct;1
1078;1064;Direct;1
1078;326;Direct;1
1078;689;Direct;1
1078;896;Direct;1
1078;496;Direct;1
1078;1079;Direct;1
1078;787;Direct;1
1078;465;Direct;1
1078;845;Direct;1
1078;1299;Direct;1
1078;940;Direct;1
1078;609;Direct;1
1078;1087;Direct;1
1078;1175;Direct;1
1078;892;Direct;1
1078;1270;Direct;1
1078;500;Direct;1
1078;141;Direct;1
1078;583;Direct;1
1078;823;Direct;1
1078;1030;Direct;1
1078;1117;Direct;1
1078;1063;Direct;1
1078;1023;Direct;1
1078;409;Direct;1
1078;1126;Direct;1
1078;1255;Direct;1
1078;610;Direct;1
1078;332;Direct;1
1078;803;Direct;1
1078;1132;Direct;1
1078;1272;Direct;1
1078;1301;Direct;1
1078;375;Direct;1
1078;873;Direct;1
1078;981;Direct;1
1078;1109;Direct;1
1078;294;Direct;1
1078;886;Direct;1
1078;210;Direct;1
1078;350;Direct;1
1078;117;Direct;1
1078;631;Direct;1
1078;571;Direct;1
1078;562;Direct;1
1078;62;Direct;1
1078;1100;Direct;1
1078;1160;Direct;1
1078;476;Direct;1
1078;447;Direct;1
1078;1091;Direct;1
1078;93;Direct;1
1078;311;Direct;1
1078;453;Direct;1
1078;1240;Direct;1
1078;612;Direct;1
1078;1034;Direct;1
1078;275;Direct;1
1078;485;Direct;1
1078;432;Direct;1
1078;684;Direct;1
1078;250;Direct;1
1078;338;Direct;1
1078;789;Direct;1
1078;683;Direct;1
1078;194;Direct;1
1078;1069;Direct;1
1078;314;Direct;1
1078;1259;Direct;1
1078;859;Direct;1
1078;528;Direct;1
1083;911;Direct;1
1083;945;Direct;1
1083;1118;Direct;1
1083;582;Direct;1
1083;1205;Direct;1
1083;1039;Direct;1
1083;1157;Direct;1
1083;793;Direct;1
1083;600;Direct;1
1083;221;Direct;1
1083;265;Direct;1
1083;1023;Direct;1
1083;434;Direct;1
1083;1109;Direct;1
1083;310;Direct;1
1083;859;Direct;1
1104;1103;Direct;1
1104;1118;Direct;1
1104;793;Direct;1
1104;1254;Direct;1
1104;1221;Direct;1
1104;1163;Direct;1
1104;310;Direct;1
1104;703;Direct;1
1104;945;Direct;1
1104;1226;Direct;1
1104;337;Direct;1
1104;660;Direct;1
1104;421;Direct;1
1104;939;Direct;1
1104;1229;Direct;1
1104;275;Direct;1
1104;1023;Direct;1
1104;513;Direct;1
1104;1131;Direct;1
1104;502;Direct;1
1104;582;Direct;1
1104;183;Direct;1
1104;847;Direct;1
1104;221;Direct;1
1104;1219;Direct;1
1104;1149;Direct;1
1104;363;Direct;1
1104;1227;Direct;1
1104;1100;Direct;1
1104;789;Direct;1
1104;1109;Direct;1
1104;835;Direct;1
1117;793;Direct;1
1117;1118;Direct;1
1117;4;Direct;1
1117;433;Direct;1
1117;469;Direct;1
1117;996;Direct;1
1117;1166;Direct;1
1117;1023;Direct;1
1117;81;Direct;1
1117;718;Direct;1
1117;1196;Direct;1
1117;1059;Direct;1
1117;221;Direct;1
1117;278;Direct;1
1117;355;Direct;1
1117;1131;Direct;1
1117;1163;Direct;1
1117;1165;Direct;1
1117;1094;Direct;1
1117;1109;Direct;1
1117;945;Direct;1
1117;1254;Direct;1
1117;582;Direct;1
1117;942;Direct;1
1117;1116;Direct;1
921;793;Direct;1
921;1205;Direct;1
921;1118;Direct;1
921;945;Direct;1
921;133;Direct;1
921;132;Direct;1
921;276;Direct;1
921;277;Direct;1
921;582;Direct;1
921;484;Direct;1
921;446;Direct;1
921;1038;Direct;1
921;847;Direct;1
921;293;Direct;1
921;562;Direct;1
921;1109;Direct;1
921;1226;Direct;1
921;104;Direct;1
921;1298;Direct;1
921;961;Direct;1
41;1118;Direct;1
41;1136;Direct;1
41;793;Direct;1
41;1219;Direct;1
41;660;Direct;1
41;609;Direct;1
41;316;Direct;1
41;945;Direct;1
41;122;Direct;1
41;1163;Direct;1
41;310;Direct;1
41;582;Direct;1
41;213;Direct;1
41;221;Direct;1
41;476;Direct;1
41;847;Direct;1
41;1160;Direct;1
41;135;Direct;1
41;1087;Direct;1
41;1023;Direct;1
41;1100;Direct;1
41;1109;Direct;1
41;104;Direct;1
41;571;Direct;1
41;275;Direct;1
41;939;Direct;1
41;683;Direct;1
41;293;Direct;1
1137;1178;Direct;1
1137;793;Direct;1
1137;660;Direct;1
1137;1118;Direct;1
1137;1180;Direct;1
1137;62;Direct;1
1137;1260;Direct;1
1137;1226;Direct;1
1137;1229;Direct;1
1137;609;Direct;1
1137;337;Direct;1
1137;1220;Direct;1
1137;1179;Direct;1
1137;221;Direct;1
1137;600;Direct;1
1188;1118;Direct;1
1188;793;Direct;1
1188;1219;Direct;1
1188;945;Direct;1
1188;1038;Direct;1
1188;609;Direct;1
1188;571;Direct;1
1188;275;Direct;1
1188;582;Direct;1
1188;265;Direct;1
1188;1254;Direct;1
1188;660;Direct;1
1188;1205;Direct;1
1188;911;Direct;1
1188;446;Direct;1
1188;835;Direct;1
1188;372;Direct;1
1188;1061;Direct;1
1188;187;Direct;1
1188;375;Direct;1
1188;703;Direct;1
1188;1109;Direct;1
1188;1069;Direct;1
1188;221;Direct;1
1188;1131;Direct;1
1188;104;Direct;1
1188;116;Direct;1
1188;103;Direct;1
1188;1029;Direct;1
1188;90;Direct;1
1188;587;Direct;1
1189;1118;Direct;1
1189;793;Direct;1
1189;1219;Direct;1
1189;945;Direct;1
1189;1160;Direct;1
1189;1163;Direct;1
1189;265;Direct;1
1189;1205;Direct;1
1189;763;Direct;1
1189;578;Direct;1
1189;571;Direct;1
1189;1258;Direct;1
1189;1254;Direct;1
1189;452;Direct;1
1189;275;Direct;1
1189;1100;Direct;1
1189;633;Direct;1
1189;1192;Direct;1
1189;176;Direct;1
1189;579;Direct;1
1189;1032;Direct;1
1189;1131;Direct;1
1189;62;Direct;1
1189;61;Direct;1
1189;310;Direct;1
1189;321;Direct;1
1189;660;Direct;1
1189;69;Direct;1
1189;1175;Direct;1
1189;1069;Direct;1
1189;753;Direct;1
1189;628;Direct;1
1189;1183;Direct;1
1189;939;Direct;1
1189;1159;Direct;1
1189;446;Direct;1
1189;136;Direct;1
1189;348;Direct;1
1189;754;Direct;1
1189;1222;Direct;1
1189;381;Direct;1
1189;676;Direct;1
1189;1115;Direct;1
1189;297;Direct;1
1189;346;Direct;1
1189;1174;Direct;1
1189;1109;Direct;1
1189;1023;Direct;1
1189;1108;Direct;1
1189;780;Direct;1
1189;316;Direct;1
1189;888;Direct;1
1189;300;Direct;1
1189;619;Direct;1
1189;178;Direct;1
1189;957;Direct;1
1189;96;Direct;1
1189;1158;Direct;1
1189;967;Direct;1
1189;385;Direct;1
1189;854;Direct;1
1189;1203;Direct;1
1189;835;Direct;1
1189;505;Direct;1
1189;600;Direct;1
1189;59;Direct;1
1189;337;Direct;1
1189;786;Direct;1
1189;276;Direct;1
1189;186;Direct;1
1189;221;Direct;1
1192;1189;Direct;1
1192;888;Direct;1
1192;1284;Direct;1
1192;793;Direct;1
1192;358;Direct;1
1192;1118;Direct;1
1192;763;Direct;1
1192;62;Direct;1
1192;1163;Direct;1
1192;939;Direct;1
1192;945;Direct;1
1192;660;Direct;1
1192;1254;Direct;1
1192;786;Direct;1
1192;1160;Direct;1
1192;310;Direct;1
1192;509;Direct;1
1192;607;Direct;1
1192;1219;Direct;1
1192;753;Direct;1
1192;359;Direct;1
1192;265;Direct;1
1192;484;Direct;1
1192;683;Direct;1
1192;657;Direct;1
1192;685;Direct;1
1192;1210;Direct;1
1192;1043;Direct;1
1192;477;Direct;1
1192;938;Direct;1
1192;1260;Direct;1
1192;257;Direct;1
1192;972;Direct;1
1192;1211;Direct;1
1192;1209;Direct;1
1192;221;Direct;1
1192;1176;Direct;1
1192;859;Direct;1
1192;364;Direct;1
1192;654;Direct;1
1192;639;Direct;1
1192;446;Direct;1
1192;591;Direct;1
1192;783;Direct;1
1192;340;Direct;1
1192;309;Direct;1
1192;192;Direct;1
1192;1100;Direct;1
1192;275;Direct;1
1192;91;Direct;1
1192;92;Direct;1
1192;1109;Direct;1
1192;1023;Direct;1
1192;1084;Direct;1
1192;1265;Direct;1
1192;270;Direct;1
1192;1158;Direct;1
1192;48;Direct;1
1192;1183;Direct;1
1192;176;Direct;1
1192;641;Direct;1
1192;1123;Direct;1
1192;621;Direct;1
1192;1147;Direct;1
1192;223;Direct;1
1192;567;Direct;1
1192;473;Direct;1
1192;512;Direct;1
1192;803;Direct;1
1192;383;Direct;1
1192;755;Direct;1
1192;198;Direct;1
1192;984;Direct;1
1192;547;Direct;1
1192;801;Direct;1
1192;319;Direct;1
1192;411;Direct;1
1192;1032;Direct;1
1192;1131;Direct;1
1192;581;Direct;1
1192;228;Direct;1
1192;976;Direct;1
1192;968;Direct;1
1192;378;Direct;1
1192;1028;Direct;1
1192;1191;Direct;1
1192;571;Direct;1
1192;1205;Direct;1
1192;1234;Direct;1
1192;1174;Direct;1
1192;1175;Direct;1
1192;1253;Direct;1
1192;138;Direct;1
1192;1242;Direct;1
1192;63;Direct;1
1192;1152;Direct;1
1192;186;Direct;1
922;1217;Direct;1
922;1118;Direct;1
922;292;Direct;1
922;1221;Direct;1
922;793;Direct;1
922;346;Direct;1
922;1023;Direct;1
922;761;Direct;1
922;600;Direct;1
922;105;Direct;1
922;316;Direct;1
922;1100;Direct;1
922;1131;Direct;1
922;213;Direct;1
922;582;Direct;1
244;793;Direct;1
244;241;Direct;1
244;660;Direct;1
244;1118;Direct;1
244;1219;Direct;1
244;221;Direct;1
244;609;Direct;1
244;446;Direct;1
244;247;Direct;1
244;600;Direct;1
244;945;Direct;1
244;1131;Direct;1
244;911;Direct;1
244;104;Direct;1
244;786;Direct;1
244;375;Direct;1
244;265;Direct;1
244;1149;Direct;1
244;310;Direct;1
244;703;Direct;1
244;1109;Direct;1
244;154;Direct;1
244;484;Direct;1
244;582;Direct;1
244;939;Direct;1
244;571;Direct;1
244;1205;Direct;1
244;1163;Direct;1
244;275;Direct;1
244;1023;Direct;1
244;1029;Direct;1
244;1034;Direct;1
244;461;Direct;1
244;62;Direct;1
244;135;Direct;1
244;372;Direct;1
244;61;Direct;1
244;961;Direct;1
244;1254;Direct;1
244;1278;Direct;1
244;337;Direct;1
244;740;Direct;1
244;502;Direct;1
244;1145;Direct;1
244;126;Direct;1
244;174;Direct;1
244;859;Direct;1
244;155;Direct;1
244;384;Direct;1
244;363;Direct;1
244;693;Direct;1
244;1121;Direct;1
244;1239;Direct;1
244;569;Direct;1
244;557;Direct;1
244;293;Direct;1
244;971;Direct;1
244;404;Direct;1
244;73;Direct;1
244;847;Direct;1
244;797;Direct;1
244;476;Direct;1
244;1158;Direct;1
244;1032;Direct;1
244;1225;Direct;1
244;513;Direct;1
244;23;Direct;1
244;329;Direct;1
244;1105;Direct;1
244;1160;Direct;1
244;403;Direct;1
244;105;Direct;1
244;1138;Direct;1
244;1153;Direct;1
244;59;Direct;1
244;435;Direct;1
244;116;Direct;1
244;192;Direct;1
244;441;Direct;1
244;978;Direct;1
244;683;Direct;1
244;1206;Direct;1
244;505;Direct;1
244;882;Direct;1
1244;793;Direct;1
1244;1023;Direct;1
1244;221;Direct;1
1244;1109;Direct;1
1244;1254;Direct;1
1244;1118;Direct;1
1244;1245;Direct;1
1244;911;Direct;1
1251;1038;Direct;1
1251;1219;Direct;1
1251;1254;Direct;1
1251;221;Direct;1
1251;945;Direct;1
1251;135;Direct;1
1251;793;Direct;1
1251;178;Direct;1
1251;582;Direct;1
1251;1023;Direct;1
1251;213;Direct;1
1251;853;Direct;1
1251;1118;Direct;1
1252;793;Direct;1
1252;1219;Direct;1
1252;1118;Direct;1
1252;1054;Direct;1
1252;1163;Direct;1
1252;582;Direct;1
1252;121;Direct;1
1252;375;Direct;1
1252;660;Direct;1
1252;945;Direct;1
1252;1160;Direct;1
1252;1226;Direct;1
1252;1221;Direct;1
1252;475;Direct;1
1252;1227;Direct;1
1252;1205;Direct;1
1252;847;Direct;1
1252;1254;Direct;1
1252;1229;Direct;1
1252;265;Direct;1
1252;862;Direct;1
1252;1090;Direct;1
1252;183;Direct;1
1252;1023;Direct;1
1252;1183;Direct;1
1252;415;Direct;1
1252;724;Direct;1
1252;1100;Direct;1
1252;1109;Direct;1
1252;843;Direct;1
1252;899;Direct;1
1252;1131;Direct;1
1257;1218;Direct;1
1257;1023;Direct;1
1257;293;Direct;1
1257;1254;Direct;1
1257;651;Direct;1
1257;1118;Direct;1
1257;793;Direct;1
1257;1227;Direct;1
1257;446;Direct;1
1257;217;Direct;1
1267;293;Direct;1
1267;1118;Direct;1
1267;582;Direct;1
1267;1183;Direct;1
1267;1269;Direct;1
1267;990;Direct;1
1267;847;Direct;1
1267;944;Direct;1
1267;1214;Direct;1
1267;793;Direct;1
1267;1023;Direct;1
1267;210;Direct;1
1267;1254;Direct;1
1267;104;Direct;1
1267;1175;Direct;1
1267;1205;Direct;1
1267;1163;Direct;1
1267;213;Direct;1
1267;945;Direct;1
1279;1038;Direct;1
1279;1118;Direct;1
1279;793;Direct;1
1279;484;Direct;1
1279;1219;Direct;1
1279;826;Direct;1
1279;890;Direct;1
1279;1163;Direct;1
1279;159;Direct;1
1279;1160;Direct;1
1279;1023;Direct;1
1281;1219;Direct;1
1281;571;Direct;1
1281;234;Direct;1
1281;553;Direct;1
1281;1118;Direct;1
1281;337;Direct;1
1281;1160;Direct;1
1281;786;Direct;1
1281;514;Direct;1
1281;911;Direct;1
1281;793;Direct;1
1281;317;Direct;1
1281;452;Direct;1
1281;171;Direct;1
1281;446;Direct;1
1281;1258;Direct;1
1281;1072;Direct;1
51;1219;Direct;1
51;310;Direct;1
51;1118;Direct;1
51;582;Direct;1
51;316;Direct;1
51;1109;Direct;1
51;1254;Direct;1
51;1023;Direct;1
51;337;Direct;1
51;1226;Direct;1
51;793;Direct;1
51;1287;Direct;1
1296;793;Direct;1
1296;1118;Direct;1
1296;221;Direct;1
1296;911;Direct;1
1296;1032;Direct;1
1296;1226;Direct;1
1296;1298;Direct;1
1296;600;Direct;1
1296;452;Direct;1
1296;1131;Direct;1
1296;1023;Direct;1
1296;375;Direct;1
1296;939;Direct;1
1296;1100;Direct;1
1296;504;Direct;1
